1,レディース,,100,2019/3/3 8:19,2019/3/3 8:19,1
2,メンズ,,100,2019/3/3 8:19,2019/3/3 8:19,1
3,ベビー・キッズ,,100,2019/3/3 8:19,2019/3/3 8:19,1
4,インテリア・住まい・小物,,100,2019/3/3 8:19,2019/3/3 8:19,0
5,本・音楽・ゲーム,,100,2019/3/3 8:19,2019/3/3 8:19,0
6,おもちゃ・ホビー・グッズ,,100,2019/3/3 8:19,2019/3/3 8:19,0
7,コスメ・香水・美容,,100,2019/3/3 8:19,2019/3/3 8:19,1
8,家電・スマホ・カメラ,,100,2019/3/3 8:19,2019/3/3 8:19,0
9,スポーツ・レジャー,,100,2019/3/3 8:19,2019/3/3 8:19,0
10,ハンドメイド,,100,2019/3/3 8:19,2019/3/3 8:19,0
11,チケット,,100,2019/3/3 8:19,2019/3/3 8:19,0
12,自動車・オートバイ,,100,2019/3/3 8:19,2019/3/3 8:19,0
13,その他,,100,2019/3/3 8:19,2019/3/3 8:19,0
14,カテゴリー一覧,,100,2019/3/3 8:19,2019/3/3 8:19,0
15,トップス,1,1,2019/3/3 8:19,2019/3/3 8:19,0
16,ジャケット/アウター,1,1,2019/3/3 8:19,2019/3/3 8:19,0
17,パンツ,1,1,2019/3/3 8:19,2019/3/3 8:19,0
18,スカート,1,4,2019/3/3 8:19,2019/3/3 8:19,0
19,ワンピース,1,1,2019/3/3 8:19,2019/3/3 8:19,0
20,靴,1,2,2019/3/3 8:19,2019/3/3 8:19,0
21,ルームウェア/パジャマ,1,1,2019/3/3 8:19,2019/3/3 8:19,0
22,レッグウェア,1,1,2019/3/3 8:19,2019/3/3 8:19,0
23,帽子,1,100,2019/3/3 8:19,2019/3/3 8:19,0
24,バッグ,1,100,2019/3/3 8:19,2019/3/3 8:19,0
25,アクセサリー,1,100,2019/3/3 8:19,2019/3/3 8:19,0
26,ヘアアクセサリー,1,100,2019/3/3 8:19,2019/3/3 8:19,0
27,小物,1,100,2019/3/3 8:19,2019/3/3 8:19,0
28,時計,1,100,2019/3/3 8:19,2019/3/3 8:19,0
29,トップス,2,1,2019/3/3 8:19,2019/3/3 8:19,0
30,ジャケット/アウター,2,1,2019/3/3 8:19,2019/3/3 8:19,0
31,パンツ,2,1,2019/3/3 8:19,2019/3/3 8:19,0
32,靴,2,3,2019/3/3 8:19,2019/3/3 8:19,0
33,バッグ,2,100,2019/3/3 8:19,2019/3/3 8:19,0
34,スーツ,2,1,2019/3/3 8:19,2019/3/3 8:19,0
35,帽子,2,100,2019/3/3 8:19,2019/3/3 8:19,0
36,アクセサリー,2,100,2019/3/3 8:19,2019/3/3 8:19,0
37,小物,2,100,2019/3/3 8:19,2019/3/3 8:19,0
38,時計,2,100,2019/3/3 8:19,2019/3/3 8:19,0
39,水着,2,100,2019/3/3 8:19,2019/3/3 8:19,0
40,レッグウェア,2,1,2019/3/3 8:19,2019/3/3 8:19,0
41,アンダーウェア,2,1,2019/3/3 8:19,2019/3/3 8:19,0
42,その他,2,100,2019/3/3 8:19,2019/3/3 8:19,0
43,ベビー服(女の子用)  ~95cm,3,7,2019/3/3 8:19,2019/3/3 8:19,0
44,ベビー服(男の子用)  ~95cm,3,7,2019/3/3 8:19,2019/3/3 8:19,0
45,ベビー服(男女兼用)  ~95cm,3,7,2019/3/3 8:19,2019/3/3 8:19,0
46,キッズ服(女の子用) 100cm~,3,5,2019/3/3 8:19,2019/3/3 8:19,0
47,キッズ服(男の子用) 100cm~,3,5,2019/3/3 8:19,2019/3/3 8:19,0
48,キッズ服(男女兼用) 100cm~,3,5,2019/3/3 8:19,2019/3/3 8:19,0
49,キッズ靴,3,6,2019/3/3 8:19,2019/3/3 8:19,0
50,子ども用ファッション小物,3,100,2019/3/3 8:19,2019/3/3 8:19,0
51,おむつ/トイレ/バス,3,100,2019/3/3 8:19,2019/3/3 8:19,0
52,外出/移動用品,3,100,2019/3/3 8:19,2019/3/3 8:19,0
53,授乳/食事,3,100,2019/3/3 8:19,2019/3/3 8:19,0
54,ベビー家具/寝具/室内用品,3,100,2019/3/3 8:19,2019/3/3 8:19,0
55,おもちゃ,3,100,2019/3/3 8:19,2019/3/3 8:19,0
56,行事/記念品,3,100,2019/3/3 8:19,2019/3/3 8:19,0
57,キッチン/食器,4,100,2019/3/3 8:19,2019/3/3 8:19,0
58,ベッド/マットレス,4,100,2019/3/3 8:19,2019/3/3 8:19,0
59,ソファ/ソファベッド,4,100,2019/3/3 8:19,2019/3/3 8:19,0
60,椅子/チェア,4,100,2019/3/3 8:19,2019/3/3 8:19,0
61,机/テーブル,4,100,2019/3/3 8:19,2019/3/3 8:19,0
62,収納家具,4,100,2019/3/3 8:19,2019/3/3 8:19,0
63,ラグ/カーペット/マット,4,100,2019/3/3 8:19,2019/3/3 8:19,0
64,カーテン/ブラインド,4,100,2019/3/3 8:19,2019/3/3 8:19,0
65,ライト/照明,4,100,2019/3/3 8:19,2019/3/3 8:19,0
66,寝具,4,100,2019/3/3 8:19,2019/3/3 8:19,0
67,インテリア小物,4,100,2019/3/3 8:19,2019/3/3 8:19,0
68,季節/年中行事,4,100,2019/3/3 8:19,2019/3/3 8:19,0
69,その他,4,100,2019/3/3 8:19,2019/3/3 8:19,0
70,本,5,100,2019/3/3 8:19,2019/3/3 8:19,0
71,漫画,5,100,2019/3/3 8:19,2019/3/3 8:19,0
72,雑誌,5,100,2019/3/3 8:19,2019/3/3 8:19,0
73,CD,5,100,2019/3/3 8:19,2019/3/3 8:19,0
74,DVD/ブルーレイ,5,100,2019/3/3 8:19,2019/3/3 8:19,0
75,レコード,5,100,2019/3/3 8:19,2019/3/3 8:19,0
76,テレビゲーム,5,100,2019/3/3 8:19,2019/3/3 8:19,0
77,おもちゃ,6,100,2019/3/3 8:19,2019/3/3 8:19,0
78,タレントグッズ,6,100,2019/3/3 8:19,2019/3/3 8:19,0
79,コミック/アニメグッズ,6,100,2019/3/3 8:19,2019/3/3 8:19,0
80,トレーディングカード,6,100,2019/3/3 8:19,2019/3/3 8:19,0
81,フィギュア,6,100,2019/3/3 8:19,2019/3/3 8:19,0
82,楽器/器材,6,100,2019/3/3 8:19,2019/3/3 8:19,0
83,コレクション,6,100,2019/3/3 8:19,2019/3/3 8:19,0
84,ミリタリー,6,100,2019/3/3 8:19,2019/3/3 8:19,0
85,美術品,6,100,2019/3/3 8:19,2019/3/3 8:19,0
86,アート用品,6,100,2019/3/3 8:19,2019/3/3 8:19,0
87,その他,6,100,2019/3/3 8:19,2019/3/3 8:19,0
88,ベースメイク,7,100,2019/3/3 8:19,2019/3/3 8:19,0
89,メイクアップ,7,100,2019/3/3 8:19,2019/3/3 8:19,0
90,ネイルケア,7,100,2019/3/3 8:19,2019/3/3 8:19,0
91,香水,7,100,2019/3/3 8:19,2019/3/3 8:19,0
92,スキンケア/基礎化粧品,7,100,2019/3/3 8:19,2019/3/3 8:19,0
93,ヘアケア,7,100,2019/3/3 8:19,2019/3/3 8:19,0
94,ボディケア,7,100,2019/3/3 8:19,2019/3/3 8:19,0
95,オーラルケア,7,100,2019/3/3 8:19,2019/3/3 8:19,0
96,リラクゼーション,7,100,2019/3/3 8:19,2019/3/3 8:19,0
97,ダイエット,7,100,2019/3/3 8:19,2019/3/3 8:19,0
98,その他,7,100,2019/3/3 8:19,2019/3/3 8:19,0
99,スマートフォン/携帯電話,8,100,2019/3/3 8:19,2019/3/3 8:19,0
100,スマホアクセサリー,8,100,2019/3/3 8:19,2019/3/3 8:19,0
101,PC/タブレット,8,100,2019/3/3 8:19,2019/3/3 8:19,0
102,カメラ,8,9,2019/3/3 8:19,2019/3/3 8:19,0
103,テレビ/映像機器,8,8,2019/3/3 8:19,2019/3/3 8:19,0
104,オーディオ機器,8,100,2019/3/3 8:19,2019/3/3 8:19,0
105,美容/健康,8,100,2019/3/3 8:19,2019/3/3 8:19,0
106,冷暖房/空調,8,100,2019/3/3 8:19,2019/3/3 8:19,0
107,生活家電,8,100,2019/3/3 8:19,2019/3/3 8:19,0
108,その他,8,100,2019/3/3 8:19,2019/3/3 8:19,0
109,ゴルフ,9,100,2019/3/3 8:19,2019/3/3 8:19,0
110,フィッシング,9,100,2019/3/3 8:19,2019/3/3 8:19,0
111,自転車,9,100,2019/3/3 8:19,2019/3/3 8:19,0
112,トレーニング/エクササイズ,9,100,2019/3/3 8:19,2019/3/3 8:19,0
113,野球,9,100,2019/3/3 8:19,2019/3/3 8:19,0
114,サッカー/フットサル,9,100,2019/3/3 8:19,2019/3/3 8:19,0
115,テニス,9,100,2019/3/3 8:19,2019/3/3 8:19,0
116,スノーボード,9,14,2019/3/3 8:19,2019/3/3 8:19,0
117,スキー,9,13,2019/3/3 8:19,2019/3/3 8:19,0
118,その他スポーツ,9,100,2019/3/3 8:19,2019/3/3 8:19,0
119,アウトドア,9,100,2019/3/3 8:19,2019/3/3 8:19,0
120,その他,9,100,2019/3/3 8:19,2019/3/3 8:19,0
121,アクセサリー(女性用),10,100,2019/3/3 8:19,2019/3/3 8:19,0
122,ファッション/小物,10,100,2019/3/3 8:19,2019/3/3 8:19,0
123,アクセサリー/時計,10,100,2019/3/3 8:19,2019/3/3 8:19,0
124,日用品/インテリア,10,100,2019/3/3 8:19,2019/3/3 8:19,0
125,趣味/おもちゃ,10,100,2019/3/3 8:19,2019/3/3 8:19,0
126,キッズ/ベビー,10,100,2019/3/3 8:19,2019/3/3 8:19,0
127,素材/材料,10,100,2019/3/3 8:19,2019/3/3 8:19,0
128,二次創作物,10,100,2019/3/3 8:19,2019/3/3 8:19,0
129,その他,10,100,2019/3/3 8:19,2019/3/3 8:19,0
130,音楽  ,11,100,2019/3/3 8:19,2019/3/3 8:19,0
131,スポーツ,11,100,2019/3/3 8:19,2019/3/3 8:19,0
132,演劇/芸能,11,100,2019/3/3 8:19,2019/3/3 8:19,0
133,イベント,11,100,2019/3/3 8:19,2019/3/3 8:19,0
134,映画,11,100,2019/3/3 8:19,2019/3/3 8:19,0
135,施設利用券,11,100,2019/3/3 8:19,2019/3/3 8:19,0
136,優待券/割引券,11,100,2019/3/3 8:19,2019/3/3 8:19,0
137,その他,11,100,2019/3/3 8:19,2019/3/3 8:19,0
138,自動車本体,12,100,2019/3/3 8:19,2019/3/3 8:19,0
139,自動車タイヤ/ホイール,12,12,2019/3/3 8:19,2019/3/3 8:19,0
140,自動車パーツ,12,100,2019/3/3 8:19,2019/3/3 8:19,0
141,自動車アクセサリー,12,100,2019/3/3 8:19,2019/3/3 8:19,0
142,オートバイ車体,12,100,2019/3/3 8:19,2019/3/3 8:19,0
143,オートバイパーツ,12,100,2019/3/3 8:19,2019/3/3 8:19,0
144,オートバイアクセサリー,12,100,2019/3/3 8:19,2019/3/3 8:19,0
145,まとめ売り,13,100,2019/3/3 8:19,2019/3/3 8:19,0
146,ペット用品,13,100,2019/3/3 8:19,2019/3/3 8:19,0
147,食品,13,100,2019/3/3 8:19,2019/3/3 8:19,0
148,飲料/酒,13,100,2019/3/3 8:19,2019/3/3 8:19,0
149,日用品/生活雑貨/旅行,13,100,2019/3/3 8:19,2019/3/3 8:19,0
150,アンティーク/コレクション,13,100,2019/3/3 8:19,2019/3/3 8:19,0
151,文房具/事務用品,13,100,2019/3/3 8:19,2019/3/3 8:19,0
152,事務/店舗用品,13,100,2019/3/3 8:19,2019/3/3 8:19,0
153,その他,13,100,2019/3/3 8:19,2019/3/3 8:19,0
154,Tシャツ/カットソー(半袖/袖なし),"1/15",100,2019/3/3 8:19,2019/3/3 8:19,0
155,Tシャツ/カットソー(七分/長袖),"1/15",100,2019/3/3 8:19,2019/3/3 8:19,0
156,シャツ/ブラウス(半袖/袖なし),"1/15",100,2019/3/3 8:19,2019/3/3 8:19,0
157,シャツ/ブラウス(七分/長袖),"1/15",100,2019/3/3 8:19,2019/3/3 8:19,0
158,ポロシャツ,"1/15",100,2019/3/3 8:19,2019/3/3 8:19,0
159,キャミソール,"1/15",100,2019/3/3 8:19,2019/3/3 8:19,0
160,タンクトップ,"1/15",100,2019/3/3 8:19,2019/3/3 8:19,0
161,ホルターネック,"1/15",100,2019/3/3 8:19,2019/3/3 8:19,0
162,ニット/セーター,"1/15",100,2019/3/3 8:19,2019/3/3 8:19,0
163,チュニック,"1/15",100,2019/3/3 8:19,2019/3/3 8:19,0
164,カーディガン/ボレロ,"1/15",100,2019/3/3 8:19,2019/3/3 8:19,0
165,アンサンブル,"1/15",100,2019/3/3 8:19,2019/3/3 8:19,0
166,ベスト/ジレ,"1/15",100,2019/3/3 8:19,2019/3/3 8:19,0
167,パーカー,"1/15",100,2019/3/3 8:19,2019/3/3 8:19,0
168,テーラードジャケット,"1/16",100,2019/3/3 8:19,2019/3/3 8:19,0
169,ノーカラージャケット,"1/16",100,2019/3/3 8:19,2019/3/3 8:19,0
170,Gジャン/デニムジャケット,"1/16",100,2019/3/3 8:19,2019/3/3 8:19,0
171,レザージャケット,"1/16",100,2019/3/3 8:19,2019/3/3 8:19,0
172,ダウンジャケット,"1/16",100,2019/3/3 8:19,2019/3/3 8:19,0
173,ライダースジャケット,"1/16",100,2019/3/3 8:19,2019/3/3 8:19,0
174,ミリタリージャケット,"1/16",100,2019/3/3 8:19,2019/3/3 8:19,0
175,ダウンベスト,"1/16",100,2019/3/3 8:19,2019/3/3 8:19,0
176,ジャンパー/ブルゾン,"1/16",100,2019/3/3 8:19,2019/3/3 8:19,0
177,ポンチョ,"1/16",100,2019/3/3 8:19,2019/3/3 8:19,0
178,ロングコート,"1/16",100,2019/3/3 8:19,2019/3/3 8:19,0
179,トレンチコート,"1/16",100,2019/3/3 8:19,2019/3/3 8:19,0
180,ダッフルコート,"1/16",100,2019/3/3 8:19,2019/3/3 8:19,0
181,ピーコート,"1/16",100,2019/3/3 8:19,2019/3/3 8:19,0
182,デニム/ジーンズ,"1/17",100,2019/3/3 8:19,2019/3/3 8:19,0
183,ショートパンツ,"1/17",100,2019/3/3 8:19,2019/3/3 8:19,0
184,カジュアルパンツ,"1/17",100,2019/3/3 8:19,2019/3/3 8:19,0
185,ハーフパンツ,"1/17",100,2019/3/3 8:19,2019/3/3 8:19,0
186,チノパン,"1/17",100,2019/3/3 8:19,2019/3/3 8:19,0
187,ワークパンツ/カーゴパンツ,"1/17",100,2019/3/3 8:19,2019/3/3 8:19,0
188,クロップドパンツ,"1/17",100,2019/3/3 8:19,2019/3/3 8:19,0
189,サロペット/オーバーオール,"1/17",100,2019/3/3 8:19,2019/3/3 8:19,0
190,オールインワン,"1/17",100,2019/3/3 8:19,2019/3/3 8:19,0
191,サルエルパンツ,"1/17",100,2019/3/3 8:19,2019/3/3 8:19,0
192,ガウチョパンツ,"1/17",100,2019/3/3 8:19,2019/3/3 8:19,0
193,その他,"1/17",100,2019/3/3 8:19,2019/3/3 8:19,0
194,ミニスカート,"1/18",100,2019/3/3 8:19,2019/3/3 8:19,0
195,ひざ丈スカート,"1/18",100,2019/3/3 8:19,2019/3/3 8:19,0
196,ロングスカート,"1/18",100,2019/3/3 8:19,2019/3/3 8:19,0
197,キュロット,"1/18",100,2019/3/3 8:19,2019/3/3 8:19,0
198,その他,"1/18",100,2019/3/3 8:19,2019/3/3 8:19,0
199,ミニワンピース,"1/19",100,2019/3/3 8:19,2019/3/3 8:19,0
200,ひざ丈ワンピース,"1/19",100,2019/3/3 8:19,2019/3/3 8:19,0
201,ロングワンピース,"1/19",100,2019/3/3 8:19,2019/3/3 8:19,0
202,その他,"1/19",100,2019/3/3 8:19,2019/3/3 8:19,0
203,ハイヒール/パンプス,"1/20",100,2019/3/3 8:19,2019/3/3 8:19,0
204,ブーツ,"1/20",100,2019/3/3 8:19,2019/3/3 8:19,0
205,サンダル,"1/20",100,2019/3/3 8:19,2019/3/3 8:19,0
206,スニーカー,"1/20",100,2019/3/3 8:19,2019/3/3 8:19,0
207,ミュール,"1/20",100,2019/3/3 8:19,2019/3/3 8:19,0
208,モカシン,"1/20",100,2019/3/3 8:19,2019/3/3 8:19,0
209,ローファー/革靴,"1/20",100,2019/3/3 8:19,2019/3/3 8:19,0
210,フラットシューズ/バレエシューズ,"1/20",100,2019/3/3 8:19,2019/3/3 8:19,0
211,長靴/レインシューズ,"1/20",100,2019/3/3 8:19,2019/3/3 8:19,0
212,その他,"1/20",100,2019/3/3 8:19,2019/3/3 8:19,0
213,パジャマ,"1/21",100,2019/3/3 8:19,2019/3/3 8:19,0
214,ルームウェア,"1/21",100,2019/3/3 8:19,2019/3/3 8:19,0
215,ソックス,"1/22",100,2019/3/3 8:19,2019/3/3 8:19,0
216,スパッツ/レギンス,"1/22",100,2019/3/3 8:19,2019/3/3 8:19,0
217,ストッキング/タイツ,"1/22",100,2019/3/3 8:19,2019/3/3 8:19,0
218,レッグウォーマー,"1/22",100,2019/3/3 8:19,2019/3/3 8:19,0
219,その他,"1/22",100,2019/3/3 8:19,2019/3/3 8:19,0
220,ニットキャップ/ビーニー,"1/23",100,2019/3/3 8:19,2019/3/3 8:19,0
221,ハット,"1/23",100,2019/3/3 8:19,2019/3/3 8:19,0
222,ハンチング/ベレー帽,"1/23",100,2019/3/3 8:19,2019/3/3 8:19,0
223,キャップ,"1/23",100,2019/3/3 8:19,2019/3/3 8:19,0
224,キャスケット,"1/23",100,2019/3/3 8:19,2019/3/3 8:19,0
225,麦わら帽子,"1/23",100,2019/3/3 8:19,2019/3/3 8:19,0
226,その他,"1/23",100,2019/3/3 8:19,2019/3/3 8:19,0
227,ハンドバッグ,"1/24",100,2019/3/3 8:19,2019/3/3 8:19,0
228,トートバッグ,"1/24",100,2019/3/3 8:19,2019/3/3 8:19,0
229,エコバッグ,"1/24",100,2019/3/3 8:19,2019/3/3 8:19,0
230,リュック/バックパック,"1/24",100,2019/3/3 8:19,2019/3/3 8:19,0
231,ボストンバッグ,"1/24",100,2019/3/3 8:19,2019/3/3 8:19,0
232,スポーツバッグ,"1/24",100,2019/3/3 8:19,2019/3/3 8:19,0
233,ショルダーバッグ,"1/24",100,2019/3/3 8:19,2019/3/3 8:19,0
234,クラッチバッグ,"1/24",100,2019/3/3 8:19,2019/3/3 8:19,0
235,ポーチ/バニティ,"1/24",100,2019/3/3 8:19,2019/3/3 8:19,0
236,ボディバッグ/ウェストバッグ,"1/24",100,2019/3/3 8:19,2019/3/3 8:19,0
237,マザーズバッグ,"1/24",100,2019/3/3 8:19,2019/3/3 8:19,0
238,メッセンジャーバッグ,"1/24",100,2019/3/3 8:19,2019/3/3 8:19,0
239,ビジネスバッグ,"1/24",100,2019/3/3 8:19,2019/3/3 8:19,0
240,旅行用バッグ/キャリーバッグ,"1/24",100,2019/3/3 8:19,2019/3/3 8:19,0
241,ネックレス,"1/25",100,2019/3/3 8:19,2019/3/3 8:19,0
242,ブレスレット,"1/25",100,2019/3/3 8:19,2019/3/3 8:19,0
243,バングル/リストバンド,"1/25",100,2019/3/3 8:19,2019/3/3 8:19,0
244,リング,"1/25",100,2019/3/3 8:19,2019/3/3 8:19,0
245,ピアス(片耳用),"1/25",100,2019/3/3 8:19,2019/3/3 8:19,0
246,ピアス(両耳用),"1/25",100,2019/3/3 8:19,2019/3/3 8:19,0
247,イヤリング,"1/25",100,2019/3/3 8:19,2019/3/3 8:19,0
248,アンクレット,"1/25",100,2019/3/3 8:19,2019/3/3 8:19,0
249,ブローチ/コサージュ,"1/25",100,2019/3/3 8:19,2019/3/3 8:19,0
250,チャーム,"1/25",100,2019/3/3 8:19,2019/3/3 8:19,0
251,その他,"1/25",100,2019/3/3 8:19,2019/3/3 8:19,0
252,ヘアゴム/シュシュ,"1/26",100,2019/3/3 8:19,2019/3/3 8:19,0
253,ヘアバンド/カチューシャ,"1/26",100,2019/3/3 8:19,2019/3/3 8:19,0
254,ヘアピン,"1/26",100,2019/3/3 8:19,2019/3/3 8:19,0
255,その他,"1/26",100,2019/3/3 8:19,2019/3/3 8:19,0
256,長財布,"1/27",100,2019/3/3 8:19,2019/3/3 8:19,0
257,折り財布,"1/27",100,2019/3/3 8:19,2019/3/3 8:19,0
258,コインケース/小銭入れ,"1/27",100,2019/3/3 8:19,2019/3/3 8:19,0
259,名刺入れ/定期入れ,"1/27",100,2019/3/3 8:19,2019/3/3 8:19,0
260,キーケース,"1/27",100,2019/3/3 8:19,2019/3/3 8:19,0
261,キーホルダー,"1/27",100,2019/3/3 8:19,2019/3/3 8:19,0
262,手袋/アームカバー,"1/27",100,2019/3/3 8:19,2019/3/3 8:19,0
263,ハンカチ,"1/27",100,2019/3/3 8:19,2019/3/3 8:19,0
264,ベルト,"1/27",100,2019/3/3 8:19,2019/3/3 8:19,0
265,マフラー/ショール,"1/27",100,2019/3/3 8:19,2019/3/3 8:19,0
266,ストール/スヌード,"1/27",100,2019/3/3 8:19,2019/3/3 8:19,0
267,バンダナ/スカーフ,"1/27",100,2019/3/3 8:19,2019/3/3 8:19,0
268,ネックウォーマー,"1/27",100,2019/3/3 8:19,2019/3/3 8:19,0
269,サスペンダー,"1/27",100,2019/3/3 8:19,2019/3/3 8:19,0
270,腕時計(アナログ),"1/28",100,2019/3/3 8:19,2019/3/3 8:19,0
271,腕時計(デジタル),"1/28",100,2019/3/3 8:19,2019/3/3 8:19,0
272,ラバーベルト,"1/28",100,2019/3/3 8:19,2019/3/3 8:19,0
273,レザーベルト,"1/28",100,2019/3/3 8:19,2019/3/3 8:19,0
274,金属ベルト,"1/28",100,2019/3/3 8:19,2019/3/3 8:19,0
275,その他,"1/28",100,2019/3/3 8:19,2019/3/3 8:19,0
276,Tシャツ/カットソー(半袖/袖なし),2/29,100,2019/3/3 8:19,2019/3/3 8:19,0
277,Tシャツ/カットソー(七分/長袖),2/29,100,2019/3/3 8:19,2019/3/3 8:19,0
278,シャツ,2/29,100,2019/3/3 8:19,2019/3/3 8:19,0
279,ポロシャツ,2/29,100,2019/3/3 8:19,2019/3/3 8:19,0
280,タンクトップ,2/29,100,2019/3/3 8:19,2019/3/3 8:19,0
281,ニット/セーター,2/29,100,2019/3/3 8:19,2019/3/3 8:19,0
282,パーカー,2/29,100,2019/3/3 8:19,2019/3/3 8:19,0
283,カーディガン,2/29,100,2019/3/3 8:19,2019/3/3 8:19,0
284,スウェット,2/29,100,2019/3/3 8:19,2019/3/3 8:19,0
285,ジャージ,2/29,100,2019/3/3 8:19,2019/3/3 8:19,0
286,ベスト,2/29,100,2019/3/3 8:19,2019/3/3 8:19,0
287,その他,2/29,100,2019/3/3 8:19,2019/3/3 8:19,0
288,テーラードジャケット,2/30,100,2019/3/3 8:19,2019/3/3 8:19,0
289,ノーカラージャケット,2/30,100,2019/3/3 8:19,2019/3/3 8:19,0
290,Gジャン/デニムジャケット,2/30,100,2019/3/3 8:19,2019/3/3 8:19,0
291,レザージャケット,2/30,100,2019/3/3 8:19,2019/3/3 8:19,0
292,ダウンジャケット,2/30,100,2019/3/3 8:19,2019/3/3 8:19,0
293,ライダースジャケット,2/30,100,2019/3/3 8:19,2019/3/3 8:19,0
294,ミリタリージャケット,2/30,100,2019/3/3 8:19,2019/3/3 8:19,0
295,ナイロンジャケット,2/30,100,2019/3/3 8:19,2019/3/3 8:19,0
296,フライトジャケット,2/30,100,2019/3/3 8:19,2019/3/3 8:19,0
297,ダッフルコート,2/30,100,2019/3/3 8:19,2019/3/3 8:19,0
298,ピーコート,2/30,100,2019/3/3 8:19,2019/3/3 8:19,0
299,ステンカラーコート,2/30,100,2019/3/3 8:19,2019/3/3 8:19,0
300,トレンチコート,2/30,100,2019/3/3 8:19,2019/3/3 8:19,0
301,モッズコート,2/30,100,2019/3/3 8:19,2019/3/3 8:19,0
302,デニム/ジーンズ,2/31,100,2019/3/3 8:19,2019/3/3 8:19,0
303,ワークパンツ/カーゴパンツ,2/31,100,2019/3/3 8:19,2019/3/3 8:19,0
304,スラックス,2/31,100,2019/3/3 8:19,2019/3/3 8:19,0
305,チノパン,2/31,100,2019/3/3 8:19,2019/3/3 8:19,0
306,ショートパンツ,2/31,100,2019/3/3 8:19,2019/3/3 8:19,0
307,ペインターパンツ,2/31,100,2019/3/3 8:19,2019/3/3 8:19,0
308,サルエルパンツ,2/31,100,2019/3/3 8:19,2019/3/3 8:19,0
309,オーバーオール,2/31,100,2019/3/3 8:19,2019/3/3 8:19,0
310,その他,2/31,100,2019/3/3 8:19,2019/3/3 8:19,0
311,スニーカー,2/32,100,2019/3/3 8:19,2019/3/3 8:19,0
312,サンダル,2/32,100,2019/3/3 8:19,2019/3/3 8:19,0
313,ブーツ,2/32,100,2019/3/3 8:19,2019/3/3 8:19,0
314,モカシン,2/32,100,2019/3/3 8:19,2019/3/3 8:19,0
315,ドレス/ビジネス,2/32,100,2019/3/3 8:19,2019/3/3 8:19,0
316,長靴/レインシューズ,2/32,100,2019/3/3 8:19,2019/3/3 8:19,0
317,デッキシューズ,2/32,100,2019/3/3 8:19,2019/3/3 8:19,0
318,その他,2/32,100,2019/3/3 8:19,2019/3/3 8:19,0
319,ショルダーバッグ,2/33,100,2019/3/3 8:19,2019/3/3 8:19,0
320,トートバッグ,2/33,100,2019/3/3 8:19,2019/3/3 8:19,0
321,ボストンバッグ,2/33,100,2019/3/3 8:19,2019/3/3 8:19,0
322,リュック/バックパック,2/33,100,2019/3/3 8:19,2019/3/3 8:19,0
323,ウエストポーチ,2/33,100,2019/3/3 8:19,2019/3/3 8:19,0
324,ボディーバッグ,2/33,100,2019/3/3 8:19,2019/3/3 8:19,0
325,ドラムバッグ,2/33,100,2019/3/3 8:19,2019/3/3 8:19,0
326,ビジネスバッグ,2/33,100,2019/3/3 8:19,2019/3/3 8:19,0
327,トラベルバッグ,2/33,100,2019/3/3 8:19,2019/3/3 8:19,0
328,メッセンジャーバッグ,2/33,100,2019/3/3 8:19,2019/3/3 8:19,0
329,エコバッグ,2/33,100,2019/3/3 8:19,2019/3/3 8:19,0
330,その他,2/33,100,2019/3/3 8:19,2019/3/3 8:19,0
331,スーツジャケット,2/34,100,2019/3/3 8:19,2019/3/3 8:19,0
332,スーツベスト,2/34,100,2019/3/3 8:19,2019/3/3 8:19,0
333,スラックス,2/34,100,2019/3/3 8:19,2019/3/3 8:19,0
334,セットアップ,2/34,100,2019/3/3 8:19,2019/3/3 8:19,0
335,その他,2/34,100,2019/3/3 8:19,2019/3/3 8:19,0
336,キャップ,2/35,100,2019/3/3 8:19,2019/3/3 8:19,0
337,ハット,2/35,100,2019/3/3 8:19,2019/3/3 8:19,0
338,ニットキャップ/ビーニー,2/35,100,2019/3/3 8:19,2019/3/3 8:19,0
339,ハンチング/ベレー帽,2/35,100,2019/3/3 8:19,2019/3/3 8:19,0
340,キャスケット,2/35,100,2019/3/3 8:19,2019/3/3 8:19,0
341,サンバイザー,2/35,100,2019/3/3 8:19,2019/3/3 8:19,0
342,その他,2/35,100,2019/3/3 8:19,2019/3/3 8:19,0
343,ネックレス,2/36,100,2019/3/3 8:19,2019/3/3 8:19,0
344,ブレスレット,2/36,100,2019/3/3 8:19,2019/3/3 8:19,0
345,バングル/リストバンド,2/36,100,2019/3/3 8:19,2019/3/3 8:19,0
346,リング,2/36,100,2019/3/3 8:19,2019/3/3 8:19,0
347,ピアス(片耳用),2/36,100,2019/3/3 8:19,2019/3/3 8:19,0
348,ピアス(両耳用),2/36,100,2019/3/3 8:19,2019/3/3 8:19,0
349,アンクレット,2/36,100,2019/3/3 8:19,2019/3/3 8:19,0
350,その他,2/36,100,2019/3/3 8:19,2019/3/3 8:19,0
351,長財布,2/37,100,2019/3/3 8:19,2019/3/3 8:19,0
352,折り財布,2/37,100,2019/3/3 8:19,2019/3/3 8:19,0
353,マネークリップ,2/37,100,2019/3/3 8:19,2019/3/3 8:19,0
354,コインケース/小銭入れ,2/37,100,2019/3/3 8:19,2019/3/3 8:19,0
355,名刺入れ/定期入れ,2/37,100,2019/3/3 8:19,2019/3/3 8:19,0
356,キーケース,2/37,100,2019/3/3 8:19,2019/3/3 8:19,0
357,キーホルダー,2/37,100,2019/3/3 8:19,2019/3/3 8:19,0
358,ネクタイ,2/37,100,2019/3/3 8:19,2019/3/3 8:19,0
359,手袋,2/37,100,2019/3/3 8:19,2019/3/3 8:19,0
360,ハンカチ,2/37,100,2019/3/3 8:19,2019/3/3 8:19,0
361,ベルト,2/37,100,2019/3/3 8:19,2019/3/3 8:19,0
362,マフラー,2/37,100,2019/3/3 8:19,2019/3/3 8:19,0
363,ストール,2/37,100,2019/3/3 8:19,2019/3/3 8:19,0
364,バンダナ,2/37,100,2019/3/3 8:19,2019/3/3 8:19,0
365,腕時計(アナログ),2/38,100,2019/3/3 8:19,2019/3/3 8:19,0
366,腕時計(デジタル),2/38,100,2019/3/3 8:19,2019/3/3 8:19,0
367,ラバーベルト,2/38,100,2019/3/3 8:19,2019/3/3 8:19,0
368,レザーベルト,2/38,100,2019/3/3 8:19,2019/3/3 8:19,0
369,金属ベルト,2/38,100,2019/3/3 8:19,2019/3/3 8:19,0
370,その他,2/38,100,2019/3/3 8:19,2019/3/3 8:19,0
371,一般水着,2/39,100,2019/3/3 8:19,2019/3/3 8:19,0
372,スポーツ用,2/39,100,2019/3/3 8:19,2019/3/3 8:19,0
373,アクセサリー,2/39,100,2019/3/3 8:19,2019/3/3 8:19,0
374,その他,2/39,100,2019/3/3 8:19,2019/3/3 8:19,0
375,ソックス,2/40,100,2019/3/3 8:19,2019/3/3 8:19,0
376,レギンス/スパッツ,2/40,100,2019/3/3 8:19,2019/3/3 8:19,0
377,レッグウォーマー,2/40,100,2019/3/3 8:19,2019/3/3 8:19,0
378,その他,2/40,100,2019/3/3 8:19,2019/3/3 8:19,0
379,トランクス,2/41,100,2019/3/3 8:19,2019/3/3 8:19,0
380,ボクサーパンツ,2/41,100,2019/3/3 8:19,2019/3/3 8:19,0
381,その他,2/41,100,2019/3/3 8:19,2019/3/3 8:19,0
382,トップス,3/43,100,2019/3/3 8:19,2019/3/3 8:19,0
383,アウター,3/43,100,2019/3/3 8:19,2019/3/3 8:19,0
384,パンツ,3/43,100,2019/3/3 8:19,2019/3/3 8:19,0
385,スカート,3/43,100,2019/3/3 8:19,2019/3/3 8:19,0
386,ワンピース,3/43,100,2019/3/3 8:19,2019/3/3 8:19,0
387,ベビードレス,3/43,100,2019/3/3 8:19,2019/3/3 8:19,0
388,おくるみ,3/43,100,2019/3/3 8:19,2019/3/3 8:19,0
389,下着/肌着,3/43,100,2019/3/3 8:19,2019/3/3 8:19,0
390,パジャマ,3/43,100,2019/3/3 8:19,2019/3/3 8:19,0
391,ロンパース,3/43,100,2019/3/3 8:19,2019/3/3 8:19,0
392,その他,3/43,100,2019/3/3 8:19,2019/3/3 8:19,0
393,トップス,3/44,100,2019/3/3 8:19,2019/3/3 8:19,0
394,アウター,3/44,100,2019/3/3 8:19,2019/3/3 8:19,0
395,パンツ,3/44,100,2019/3/3 8:19,2019/3/3 8:19,0
396,おくるみ,3/44,100,2019/3/3 8:19,2019/3/3 8:19,0
397,下着/肌着,3/44,100,2019/3/3 8:19,2019/3/3 8:19,0
398,パジャマ,3/44,100,2019/3/3 8:19,2019/3/3 8:19,0
399,ロンパース,3/44,100,2019/3/3 8:19,2019/3/3 8:19,0
400,その他,3/44,100,2019/3/3 8:19,2019/3/3 8:19,0
401,トップス,3/45,100,2019/3/3 8:19,2019/3/3 8:19,0
402,アウター,3/45,100,2019/3/3 8:19,2019/3/3 8:19,0
403,パンツ,3/45,100,2019/3/3 8:19,2019/3/3 8:19,0
404,おくるみ,3/45,100,2019/3/3 8:19,2019/3/3 8:19,0
405,下着/肌着,3/45,100,2019/3/3 8:19,2019/3/3 8:19,0
406,パジャマ,3/45,100,2019/3/3 8:19,2019/3/3 8:19,0
407,ロンパース,3/45,100,2019/3/3 8:19,2019/3/3 8:19,0
408,その他,3/45,100,2019/3/3 8:19,2019/3/3 8:19,0
409,コート,3/46,100,2019/3/3 8:19,2019/3/3 8:19,0
410,ジャケット/上着,3/46,100,2019/3/3 8:19,2019/3/3 8:19,0
411,トップス(Tシャツ/カットソー),3/46,100,2019/3/3 8:19,2019/3/3 8:19,0
412,トップス(トレーナー),3/46,100,2019/3/3 8:19,2019/3/3 8:19,0
413,トップス(チュニック),3/46,100,2019/3/3 8:19,2019/3/3 8:19,0
414,トップス(タンクトップ),3/46,100,2019/3/3 8:19,2019/3/3 8:19,0
415,トップス(その他),3/46,100,2019/3/3 8:19,2019/3/3 8:19,0
416,スカート,3/46,100,2019/3/3 8:19,2019/3/3 8:19,0
417,パンツ,3/46,100,2019/3/3 8:19,2019/3/3 8:19,0
418,ワンピース,3/46,100,2019/3/3 8:19,2019/3/3 8:19,0
419,セットアップ,3/46,100,2019/3/3 8:19,2019/3/3 8:19,0
420,パジャマ,3/46,100,2019/3/3 8:19,2019/3/3 8:19,0
421,フォーマル/ドレス,3/46,100,2019/3/3 8:19,2019/3/3 8:19,0
422,和服,3/46,100,2019/3/3 8:19,2019/3/3 8:19,0
423,コート,3/47,100,2019/3/3 8:19,2019/3/3 8:19,0
424,ジャケット/上着,3/47,100,2019/3/3 8:19,2019/3/3 8:19,0
425,トップス(Tシャツ/カットソー),3/47,100,2019/3/3 8:19,2019/3/3 8:19,0
426,トップス(トレーナー),3/47,100,2019/3/3 8:19,2019/3/3 8:19,0
427,トップス(その他),3/47,100,2019/3/3 8:19,2019/3/3 8:19,0
428,パンツ,3/47,100,2019/3/3 8:19,2019/3/3 8:19,0
429,セットアップ,3/47,100,2019/3/3 8:19,2019/3/3 8:19,0
430,パジャマ,3/47,100,2019/3/3 8:19,2019/3/3 8:19,0
431,フォーマル/ドレス,3/47,100,2019/3/3 8:19,2019/3/3 8:19,0
432,和服,3/47,100,2019/3/3 8:19,2019/3/3 8:19,0
433,浴衣,3/47,100,2019/3/3 8:19,2019/3/3 8:19,0
434,甚平,3/47,100,2019/3/3 8:19,2019/3/3 8:19,0
435,水着,3/47,100,2019/3/3 8:19,2019/3/3 8:19,0
436,その他,3/47,100,2019/3/3 8:19,2019/3/3 8:19,0
437,コート,3/48,100,2019/3/3 8:19,2019/3/3 8:19,0
438,ジャケット/上着,3/48,100,2019/3/3 8:19,2019/3/3 8:19,0
439,トップス(Tシャツ/カットソー),3/48,100,2019/3/3 8:19,2019/3/3 8:19,0
440,トップス(トレーナー),3/48,100,2019/3/3 8:19,2019/3/3 8:19,0
441,トップス(その他),3/48,100,2019/3/3 8:19,2019/3/3 8:19,0
442,ボトムス,3/48,100,2019/3/3 8:19,2019/3/3 8:19,0
443,パジャマ,3/48,100,2019/3/3 8:19,2019/3/3 8:19,0
444,その他,3/48,100,2019/3/3 8:19,2019/3/3 8:19,0
445,スニーカー,3/49,100,2019/3/3 8:19,2019/3/3 8:19,0
446,サンダル,3/49,100,2019/3/3 8:19,2019/3/3 8:19,0
447,ブーツ,3/49,100,2019/3/3 8:19,2019/3/3 8:19,0
448,長靴,3/49,100,2019/3/3 8:19,2019/3/3 8:19,0
449,その他,3/49,100,2019/3/3 8:19,2019/3/3 8:19,0
450,靴下/スパッツ,3/50,100,2019/3/3 8:19,2019/3/3 8:19,0
451,帽子,3/50,100,2019/3/3 8:19,2019/3/3 8:19,0
452,エプロン,3/50,100,2019/3/3 8:19,2019/3/3 8:19,0
453,サスペンダー,3/50,100,2019/3/3 8:19,2019/3/3 8:19,0
454,タイツ,3/50,100,2019/3/3 8:19,2019/3/3 8:19,0
455,ハンカチ,3/50,100,2019/3/3 8:19,2019/3/3 8:19,0
456,バンダナ,3/50,100,2019/3/3 8:19,2019/3/3 8:19,0
457,ベルト,3/50,100,2019/3/3 8:19,2019/3/3 8:19,0
458,マフラー,3/50,100,2019/3/3 8:19,2019/3/3 8:19,0
459,傘,3/50,100,2019/3/3 8:19,2019/3/3 8:19,0
460,手袋,3/50,100,2019/3/3 8:19,2019/3/3 8:19,0
461,スタイ,3/50,100,2019/3/3 8:19,2019/3/3 8:19,0
462,バッグ,3/50,100,2019/3/3 8:19,2019/3/3 8:19,0
463,その他,3/50,100,2019/3/3 8:19,2019/3/3 8:19,0
464,おむつ用品,3/51,100,2019/3/3 8:19,2019/3/3 8:19,0
465,おまる/補助便座,3/51,100,2019/3/3 8:19,2019/3/3 8:19,0
466,トレーニングパンツ,3/51,100,2019/3/3 8:19,2019/3/3 8:19,0
467,ベビーバス,3/51,100,2019/3/3 8:19,2019/3/3 8:19,0
468,お風呂用品,3/51,100,2019/3/3 8:19,2019/3/3 8:19,0
469,その他,3/51,100,2019/3/3 8:19,2019/3/3 8:19,0
470,ベビーカー,3/52,100,2019/3/3 8:19,2019/3/3 8:19,0
471,抱っこひも/スリング,3/52,100,2019/3/3 8:19,2019/3/3 8:19,0
472,チャイルドシート,3/52,100,2019/3/3 8:19,2019/3/3 8:19,0
473,その他,3/52,100,2019/3/3 8:19,2019/3/3 8:19,0
474,ミルク,3/53,100,2019/3/3 8:19,2019/3/3 8:19,0
475,ベビーフード,3/53,100,2019/3/3 8:19,2019/3/3 8:19,0
476,ベビー用食器,3/53,100,2019/3/3 8:19,2019/3/3 8:19,0
477,その他,3/53,100,2019/3/3 8:19,2019/3/3 8:19,0
478,ベッド,3/54,100,2019/3/3 8:19,2019/3/3 8:19,0
479,布団/毛布,3/54,100,2019/3/3 8:19,2019/3/3 8:19,0
480,イス,3/54,100,2019/3/3 8:19,2019/3/3 8:19,0
481,たんす,3/54,100,2019/3/3 8:19,2019/3/3 8:19,0
482,その他,3/54,100,2019/3/3 8:19,2019/3/3 8:19,0
483,おふろのおもちゃ,3/55,100,2019/3/3 8:19,2019/3/3 8:19,0
484,がらがら,3/55,100,2019/3/3 8:19,2019/3/3 8:19,0
485,オルゴール,3/55,100,2019/3/3 8:19,2019/3/3 8:19,0
486,ベビージム,3/55,100,2019/3/3 8:19,2019/3/3 8:19,0
487,手押し車/カタカタ,3/55,100,2019/3/3 8:19,2019/3/3 8:19,0
488,知育玩具,3/55,100,2019/3/3 8:19,2019/3/3 8:19,0
489,その他,3/55,100,2019/3/3 8:19,2019/3/3 8:19,0
490,お宮参り用品,3/56,100,2019/3/3 8:19,2019/3/3 8:19,0
491,お食い初め用品,3/56,100,2019/3/3 8:19,2019/3/3 8:19,0
492,アルバム,3/56,100,2019/3/3 8:19,2019/3/3 8:19,0
493,手形/足形,3/56,100,2019/3/3 8:19,2019/3/3 8:19,0
494,その他,3/56,100,2019/3/3 8:19,2019/3/3 8:19,0
495,食器,4/57,100,2019/3/3 8:19,2019/3/3 8:19,0
496,調理器具,4/57,100,2019/3/3 8:19,2019/3/3 8:19,0
497,収納/キッチン雑貨,4/57,100,2019/3/3 8:19,2019/3/3 8:19,0
498,弁当用品,4/57,100,2019/3/3 8:19,2019/3/3 8:19,0
499,カトラリー(スプーン等),4/57,100,2019/3/3 8:19,2019/3/3 8:19,0
500,テーブル用品,4/57,100,2019/3/3 8:19,2019/3/3 8:19,0
501,容器,4/57,100,2019/3/3 8:19,2019/3/3 8:19,0
502,エプロン,4/57,100,2019/3/3 8:19,2019/3/3 8:19,0
503,アルコールグッズ,4/57,100,2019/3/3 8:19,2019/3/3 8:19,0
504,浄水機,4/57,100,2019/3/3 8:19,2019/3/3 8:19,0
505,その他,4/57,100,2019/3/3 8:19,2019/3/3 8:19,0
506,セミシングルベッド,4/58,100,2019/3/3 8:19,2019/3/3 8:19,0
507,シングルベッド,4/58,100,2019/3/3 8:19,2019/3/3 8:19,0
508,セミダブルベッド,4/58,100,2019/3/3 8:19,2019/3/3 8:19,0
509,ダブルベッド,4/58,100,2019/3/3 8:19,2019/3/3 8:19,0
510,ワイドダブルベッド,4/58,100,2019/3/3 8:19,2019/3/3 8:19,0
511,クイーンベッド,4/58,100,2019/3/3 8:19,2019/3/3 8:19,0
512,キングベッド,4/58,100,2019/3/3 8:19,2019/3/3 8:19,0
513,脚付きマットレスベッド,4/58,100,2019/3/3 8:19,2019/3/3 8:19,0
514,マットレス,4/58,100,2019/3/3 8:19,2019/3/3 8:19,0
515,すのこベッド,4/58,100,2019/3/3 8:19,2019/3/3 8:19,0
516,ロフトベッド/システムベッド,4/58,100,2019/3/3 8:19,2019/3/3 8:19,0
517,簡易ベッド/折りたたみベッド,4/58,100,2019/3/3 8:19,2019/3/3 8:19,0
518,収納付き,4/58,100,2019/3/3 8:19,2019/3/3 8:19,0
519,その他,4/58,100,2019/3/3 8:19,2019/3/3 8:19,0
520,ソファセット,4/59,100,2019/3/3 8:19,2019/3/3 8:19,0
521,シングルソファ,4/59,100,2019/3/3 8:19,2019/3/3 8:19,0
522,ラブソファ,4/59,100,2019/3/3 8:19,2019/3/3 8:19,0
523,トリプルソファ,4/59,100,2019/3/3 8:19,2019/3/3 8:19,0
524,オットマン,4/59,100,2019/3/3 8:19,2019/3/3 8:19,0
525,コーナーソファ,4/59,100,2019/3/3 8:19,2019/3/3 8:19,0
526,ビーズソファ/クッションソファ,4/59,100,2019/3/3 8:19,2019/3/3 8:19,0
527,ローソファ/フロアソファ,4/59,100,2019/3/3 8:19,2019/3/3 8:19,0
528,ソファベッド,4/59,100,2019/3/3 8:19,2019/3/3 8:19,0
529,応接セット,4/59,100,2019/3/3 8:19,2019/3/3 8:19,0
530,ソファカバー,4/59,100,2019/3/3 8:19,2019/3/3 8:19,0
531,リクライニングソファ,4/59,100,2019/3/3 8:19,2019/3/3 8:19,0
532,その他,4/59,100,2019/3/3 8:19,2019/3/3 8:19,0
533,一般,4/60,100,2019/3/3 8:19,2019/3/3 8:19,0
534,スツール,4/60,100,2019/3/3 8:19,2019/3/3 8:19,0
535,ダイニングチェア,4/60,100,2019/3/3 8:19,2019/3/3 8:19,0
536,ハイバックチェア,4/60,100,2019/3/3 8:19,2019/3/3 8:19,0
537,ロッキングチェア,4/60,100,2019/3/3 8:19,2019/3/3 8:19,0
538,座椅子,4/60,100,2019/3/3 8:19,2019/3/3 8:19,0
539,折り畳みイス,4/60,100,2019/3/3 8:19,2019/3/3 8:19,0
540,デスクチェア,4/60,100,2019/3/3 8:19,2019/3/3 8:19,0
541,その他,4/60,100,2019/3/3 8:19,2019/3/3 8:19,0
542,こたつ,4/61,100,2019/3/3 8:19,2019/3/3 8:19,0
543,カウンターテーブル,4/61,100,2019/3/3 8:19,2019/3/3 8:19,0
544,サイドテーブル,4/61,100,2019/3/3 8:19,2019/3/3 8:19,0
545,センターテーブル,4/61,100,2019/3/3 8:19,2019/3/3 8:19,0
546,ダイニングテーブル,4/61,100,2019/3/3 8:19,2019/3/3 8:19,0
547,座卓/ちゃぶ台,4/61,100,2019/3/3 8:19,2019/3/3 8:19,0
548,アウトドア用,4/61,100,2019/3/3 8:19,2019/3/3 8:19,0
549,パソコン用,4/61,100,2019/3/3 8:19,2019/3/3 8:19,0
550,事務机/学習机,4/61,100,2019/3/3 8:19,2019/3/3 8:19,0
551,その他,4/61,100,2019/3/3 8:19,2019/3/3 8:19,0
552,リビング収納,4/62,100,2019/3/3 8:19,2019/3/3 8:19,0
553,キッチン収納,4/62,100,2019/3/3 8:19,2019/3/3 8:19,0
554,玄関/屋外収納,4/62,100,2019/3/3 8:19,2019/3/3 8:19,0
555,バス/トイレ収納,4/62,100,2019/3/3 8:19,2019/3/3 8:19,0
556,本収納,4/62,100,2019/3/3 8:19,2019/3/3 8:19,0
557,本/CD/DVD収納,4/62,100,2019/3/3 8:19,2019/3/3 8:19,0
558,洋服タンス/押入れ収納,4/62,100,2019/3/3 8:19,2019/3/3 8:19,0
559,電話台/ファックス台,4/62,100,2019/3/3 8:19,2019/3/3 8:19,0
560,ドレッサー/鏡台,4/62,100,2019/3/3 8:19,2019/3/3 8:19,0
561,棚/ラック,4/62,100,2019/3/3 8:19,2019/3/3 8:19,0
562,ケース/ボックス,4/62,100,2019/3/3 8:19,2019/3/3 8:19,0
563,その他,4/62,100,2019/3/3 8:19,2019/3/3 8:19,0
564,ラグ,4/63,100,2019/3/3 8:19,2019/3/3 8:19,0
565,カーペット,4/63,100,2019/3/3 8:19,2019/3/3 8:19,0
566,ホットカーペット,4/63,100,2019/3/3 8:19,2019/3/3 8:19,0
567,玄関/キッチンマット,4/63,100,2019/3/3 8:19,2019/3/3 8:19,0
568,トイレ/バスマット,4/63,100,2019/3/3 8:19,2019/3/3 8:19,0
569,その他,4/63,100,2019/3/3 8:19,2019/3/3 8:19,0
570,カーテン,4/64,100,2019/3/3 8:19,2019/3/3 8:19,0
571,ブラインド,4/64,100,2019/3/3 8:19,2019/3/3 8:19,0
572,ロールスクリーン,4/64,100,2019/3/3 8:19,2019/3/3 8:19,0
573,のれん,4/64,100,2019/3/3 8:19,2019/3/3 8:19,0
574,その他,4/64,100,2019/3/3 8:19,2019/3/3 8:19,0
575,蛍光灯/電球,4/65,100,2019/3/3 8:19,2019/3/3 8:19,0
576,天井照明,4/65,100,2019/3/3 8:19,2019/3/3 8:19,0
577,フロアスタンド,4/65,100,2019/3/3 8:19,2019/3/3 8:19,0
578,その他,4/65,100,2019/3/3 8:19,2019/3/3 8:19,0
579,布団/毛布,4/66,100,2019/3/3 8:19,2019/3/3 8:19,0
580,枕,4/66,100,2019/3/3 8:19,2019/3/3 8:19,0
581,シーツ/カバー,4/66,100,2019/3/3 8:19,2019/3/3 8:19,0
582,その他,4/66,100,2019/3/3 8:19,2019/3/3 8:19,0
583,ごみ箱,4/67,100,2019/3/3 8:19,2019/3/3 8:19,0
584,ウェルカムボード,4/67,100,2019/3/3 8:19,2019/3/3 8:19,0
585,オルゴール,4/67,100,2019/3/3 8:19,2019/3/3 8:19,0
586,クッション,4/67,100,2019/3/3 8:19,2019/3/3 8:19,0
587,クッションカバー,4/67,100,2019/3/3 8:19,2019/3/3 8:19,0
588,スリッパラック,4/67,100,2019/3/3 8:19,2019/3/3 8:19,0
589,ティッシュボックス,4/67,100,2019/3/3 8:19,2019/3/3 8:19,0
590,バスケット/かご,4/67,100,2019/3/3 8:19,2019/3/3 8:19,0
591,フォトフレーム,4/67,100,2019/3/3 8:19,2019/3/3 8:19,0
592,マガジンラック,4/67,100,2019/3/3 8:19,2019/3/3 8:19,0
593,モビール,4/67,100,2019/3/3 8:19,2019/3/3 8:19,0
594,花瓶,4/67,100,2019/3/3 8:19,2019/3/3 8:19,0
595,灰皿,4/67,100,2019/3/3 8:19,2019/3/3 8:19,0
596,傘立て,4/67,100,2019/3/3 8:19,2019/3/3 8:19,0
597,正月,4/68,100,2019/3/3 8:19,2019/3/3 8:19,0
598,成人式,4/68,100,2019/3/3 8:19,2019/3/3 8:19,0
599,バレンタインデー,4/68,100,2019/3/3 8:19,2019/3/3 8:19,0
600,ひな祭り,4/68,100,2019/3/3 8:19,2019/3/3 8:19,0
601,子どもの日,4/68,100,2019/3/3 8:19,2019/3/3 8:19,0
602,母の日,4/68,100,2019/3/3 8:19,2019/3/3 8:19,0
603,父の日,4/68,100,2019/3/3 8:19,2019/3/3 8:19,0
604,サマーギフト/お中元,4/68,100,2019/3/3 8:19,2019/3/3 8:19,0
605,夏/夏休み,4/68,100,2019/3/3 8:19,2019/3/3 8:19,0
606,ハロウィン,4/68,100,2019/3/3 8:19,2019/3/3 8:19,0
607,敬老の日,4/68,100,2019/3/3 8:19,2019/3/3 8:19,0
608,七五三,4/68,100,2019/3/3 8:19,2019/3/3 8:19,0
609,お歳暮,4/68,100,2019/3/3 8:19,2019/3/3 8:19,0
610,クリスマス,4/68,100,2019/3/3 8:19,2019/3/3 8:19,0
611,文学/小説,5/70,100,2019/3/3 8:19,2019/3/3 8:19,0
612,人文/社会,5/70,100,2019/3/3 8:19,2019/3/3 8:19,0
613,ノンフィクション/教養,5/70,100,2019/3/3 8:19,2019/3/3 8:19,0
614,地図/旅行ガイド,5/70,100,2019/3/3 8:19,2019/3/3 8:19,0
615,ビジネス/経済,5/70,100,2019/3/3 8:19,2019/3/3 8:19,0
616,健康/医学,5/70,100,2019/3/3 8:19,2019/3/3 8:19,0
617,コンピュータ/IT,5/70,100,2019/3/3 8:19,2019/3/3 8:19,0
618,趣味/スポーツ/実用,5/70,100,2019/3/3 8:19,2019/3/3 8:19,0
619,住まい/暮らし/子育て,5/70,100,2019/3/3 8:19,2019/3/3 8:19,0
620,アート/エンタメ,5/70,100,2019/3/3 8:19,2019/3/3 8:19,0
621,洋書,5/70,100,2019/3/3 8:19,2019/3/3 8:19,0
622,絵本,5/70,100,2019/3/3 8:19,2019/3/3 8:19,0
623,参考書,5/70,100,2019/3/3 8:19,2019/3/3 8:19,0
624,その他,5/70,100,2019/3/3 8:19,2019/3/3 8:19,0
625,全巻セット,5/71,100,2019/3/3 8:19,2019/3/3 8:19,0
626,少年漫画,5/71,100,2019/3/3 8:19,2019/3/3 8:19,0
627,少女漫画,5/71,100,2019/3/3 8:19,2019/3/3 8:19,0
628,青年漫画,5/71,100,2019/3/3 8:19,2019/3/3 8:19,0
629,女性漫画,5/71,100,2019/3/3 8:19,2019/3/3 8:19,0
630,同人誌,5/71,100,2019/3/3 8:19,2019/3/3 8:19,0
631,その他,5/71,100,2019/3/3 8:19,2019/3/3 8:19,0
632,アート/エンタメ/ホビー,5/72,100,2019/3/3 8:19,2019/3/3 8:19,0
633,ファッション,5/72,100,2019/3/3 8:19,2019/3/3 8:19,0
634,ニュース/総合,5/72,100,2019/3/3 8:19,2019/3/3 8:19,0
635,趣味/スポーツ,5/72,100,2019/3/3 8:19,2019/3/3 8:19,0
636,その他,5/72,100,2019/3/3 8:19,2019/3/3 8:19,0
637,邦楽,5/73,100,2019/3/3 8:19,2019/3/3 8:19,0
638,洋楽,5/73,100,2019/3/3 8:19,2019/3/3 8:19,0
639,アニメ,5/73,100,2019/3/3 8:19,2019/3/3 8:19,0
640,クラシック,5/73,100,2019/3/3 8:19,2019/3/3 8:19,0
641,K-POP/アジア,5/73,100,2019/3/3 8:19,2019/3/3 8:19,0
642,キッズ/ファミリー,5/73,100,2019/3/3 8:19,2019/3/3 8:19,0
643,その他,5/73,100,2019/3/3 8:19,2019/3/3 8:19,0
644,外国映画,5/74,100,2019/3/3 8:19,2019/3/3 8:19,0
645,日本映画,5/74,100,2019/3/3 8:19,2019/3/3 8:19,0
646,アニメ,5/74,100,2019/3/3 8:19,2019/3/3 8:19,0
647,TVドラマ,5/74,100,2019/3/3 8:19,2019/3/3 8:19,0
648,ミュージック,5/74,100,2019/3/3 8:19,2019/3/3 8:19,0
649,お笑い/バラエティ,5/74,100,2019/3/3 8:19,2019/3/3 8:19,0
650,スポーツ/フィットネス,5/74,100,2019/3/3 8:19,2019/3/3 8:19,0
651,キッズ/ファミリー,5/74,100,2019/3/3 8:19,2019/3/3 8:19,0
652,その他,5/74,100,2019/3/3 8:19,2019/3/3 8:19,0
653,邦楽,5/75,100,2019/3/3 8:19,2019/3/3 8:19,0
654,洋楽,5/75,100,2019/3/3 8:19,2019/3/3 8:19,0
655,その他,5/75,100,2019/3/3 8:19,2019/3/3 8:19,0
656,家庭用ゲーム本体,5/76,100,2019/3/3 8:19,2019/3/3 8:19,0
657,家庭用ゲームソフト,5/76,100,2019/3/3 8:19,2019/3/3 8:19,0
658,携帯用ゲーム本体,5/76,100,2019/3/3 8:19,2019/3/3 8:19,0
659,携帯用ゲームソフト,5/76,100,2019/3/3 8:19,2019/3/3 8:19,0
660,PCゲーム,5/76,100,2019/3/3 8:19,2019/3/3 8:19,0
661,その他,5/76,100,2019/3/3 8:19,2019/3/3 8:19,0
662,キャラクターグッズ,6/77,100,2019/3/3 8:19,2019/3/3 8:19,0
663,ぬいぐるみ,6/77,100,2019/3/3 8:19,2019/3/3 8:19,0
664,小物/アクセサリー,6/77,100,2019/3/3 8:19,2019/3/3 8:19,0
665,模型/プラモデル,6/77,100,2019/3/3 8:19,2019/3/3 8:19,0
666,ミニカー,6/77,100,2019/3/3 8:19,2019/3/3 8:19,0
667,トイラジコン,6/77,100,2019/3/3 8:19,2019/3/3 8:19,0
668,プラモデル,6/77,100,2019/3/3 8:19,2019/3/3 8:19,0
669,ホビーラジコン,6/77,100,2019/3/3 8:19,2019/3/3 8:19,0
670,鉄道模型,6/77,100,2019/3/3 8:19,2019/3/3 8:19,0
671,その他,6/77,100,2019/3/3 8:19,2019/3/3 8:19,0
672,アイドル,6/78,100,2019/3/3 8:19,2019/3/3 8:19,0
673,ミュージシャン,6/78,100,2019/3/3 8:19,2019/3/3 8:19,0
674,タレント/お笑い芸人,6/78,100,2019/3/3 8:19,2019/3/3 8:19,0
675,スポーツ選手,6/78,100,2019/3/3 8:19,2019/3/3 8:19,0
676,その他,6/78,100,2019/3/3 8:19,2019/3/3 8:19,0
677,ストラップ,6/79,100,2019/3/3 8:19,2019/3/3 8:19,0
678,キーホルダー,6/79,100,2019/3/3 8:19,2019/3/3 8:19,0
679,バッジ,6/79,100,2019/3/3 8:19,2019/3/3 8:19,0
680,カード,6/79,100,2019/3/3 8:19,2019/3/3 8:19,0
681,クリアファイル,6/79,100,2019/3/3 8:19,2019/3/3 8:19,0
682,ポスター,6/79,100,2019/3/3 8:19,2019/3/3 8:19,0
683,タオル,6/79,100,2019/3/3 8:19,2019/3/3 8:19,0
684,その他,6/79,100,2019/3/3 8:19,2019/3/3 8:19,0
685,遊戯王,6/80,100,2019/3/3 8:19,2019/3/3 8:19,0
686,マジック：ザ・ギャザリング,6/80,100,2019/3/3 8:19,2019/3/3 8:19,0
687,ポケモンカードゲーム,6/80,100,2019/3/3 8:19,2019/3/3 8:19,0
688,デュエルマスターズ,6/80,100,2019/3/3 8:19,2019/3/3 8:19,0
689,バトルスピリッツ,6/80,100,2019/3/3 8:19,2019/3/3 8:19,0
690,プリパラ,6/80,100,2019/3/3 8:19,2019/3/3 8:19,0
691,アイカツ,6/80,100,2019/3/3 8:19,2019/3/3 8:19,0
692,カードファイト!! ヴァンガード,6/80,100,2019/3/3 8:19,2019/3/3 8:19,0
693,ヴァイスシュヴァルツ,6/80,100,2019/3/3 8:19,2019/3/3 8:19,0
694,プロ野球オーナーズリーグ,6/80,100,2019/3/3 8:19,2019/3/3 8:19,0
695,ベースボールヒーローズ,6/80,100,2019/3/3 8:19,2019/3/3 8:19,0
696,ドラゴンボール,6/80,100,2019/3/3 8:19,2019/3/3 8:19,0
697,スリーブ,6/80,100,2019/3/3 8:19,2019/3/3 8:19,0
698,その他,6/80,100,2019/3/3 8:19,2019/3/3 8:19,0
699,コミック/アニメ,6/81,100,2019/3/3 8:19,2019/3/3 8:19,0
700,特撮,6/81,100,2019/3/3 8:19,2019/3/3 8:19,0
701,ゲームキャラクター,6/81,100,2019/3/3 8:19,2019/3/3 8:19,0
702,SF/ファンタジー/ホラー,6/81,100,2019/3/3 8:19,2019/3/3 8:19,0
703,アメコミ,6/81,100,2019/3/3 8:19,2019/3/3 8:19,0
704,スポーツ,6/81,100,2019/3/3 8:19,2019/3/3 8:19,0
705,ミリタリー,6/81,100,2019/3/3 8:19,2019/3/3 8:19,0
706,その他,6/81,100,2019/3/3 8:19,2019/3/3 8:19,0
707,エレキギター,6/82,100,2019/3/3 8:19,2019/3/3 8:19,0
708,アコースティックギター,6/82,100,2019/3/3 8:19,2019/3/3 8:19,0
709,ベース,6/82,100,2019/3/3 8:19,2019/3/3 8:19,0
710,エフェクター,6/82,100,2019/3/3 8:19,2019/3/3 8:19,0
711,アンプ,6/82,100,2019/3/3 8:19,2019/3/3 8:19,0
712,弦楽器,6/82,100,2019/3/3 8:19,2019/3/3 8:19,0
713,管楽器,6/82,100,2019/3/3 8:19,2019/3/3 8:19,0
714,鍵盤楽器,6/82,100,2019/3/3 8:19,2019/3/3 8:19,0
715,打楽器,6/82,100,2019/3/3 8:19,2019/3/3 8:19,0
716,和楽器,6/82,100,2019/3/3 8:19,2019/3/3 8:19,0
717,楽譜/スコア,6/82,100,2019/3/3 8:19,2019/3/3 8:19,0
718,レコーディング/PA機器,6/82,100,2019/3/3 8:19,2019/3/3 8:19,0
719,DJ機器,6/82,100,2019/3/3 8:19,2019/3/3 8:19,0
720,DTM/DAW,6/82,100,2019/3/3 8:19,2019/3/3 8:19,0
721,武具,6/83,100,2019/3/3 8:19,2019/3/3 8:19,0
722,使用済切手/官製はがき,6/83,100,2019/3/3 8:19,2019/3/3 8:19,0
723,旧貨幣/金貨/銀貨/記念硬貨,6/83,100,2019/3/3 8:19,2019/3/3 8:19,0
724,印刷物,6/83,100,2019/3/3 8:19,2019/3/3 8:19,0
725,ノベルティグッズ,6/83,100,2019/3/3 8:19,2019/3/3 8:19,0
726,その他,6/83,100,2019/3/3 8:19,2019/3/3 8:19,0
727,トイガン,6/84,100,2019/3/3 8:19,2019/3/3 8:19,0
728,個人装備,6/84,100,2019/3/3 8:19,2019/3/3 8:19,0
729,その他,6/84,100,2019/3/3 8:19,2019/3/3 8:19,0
730,陶芸,6/85,100,2019/3/3 8:19,2019/3/3 8:19,0
731,ガラス,6/85,100,2019/3/3 8:19,2019/3/3 8:19,0
732,漆芸,6/85,100,2019/3/3 8:19,2019/3/3 8:19,0
733,金属工芸,6/85,100,2019/3/3 8:19,2019/3/3 8:19,0
734,絵画/タペストリ,6/85,100,2019/3/3 8:19,2019/3/3 8:19,0
735,版画,6/85,100,2019/3/3 8:19,2019/3/3 8:19,0
736,彫刻/オブジェクト,6/85,100,2019/3/3 8:19,2019/3/3 8:19,0
737,書,6/85,100,2019/3/3 8:19,2019/3/3 8:19,0
738,写真,6/85,100,2019/3/3 8:19,2019/3/3 8:19,0
739,その他,6/85,100,2019/3/3 8:19,2019/3/3 8:19,0
740,画材,6/86,100,2019/3/3 8:19,2019/3/3 8:19,0
741,額縁,6/86,100,2019/3/3 8:19,2019/3/3 8:19,0
742,その他,6/86,100,2019/3/3 8:19,2019/3/3 8:19,0
743,トランプ/UNO,6/87,100,2019/3/3 8:19,2019/3/3 8:19,0
744,カルタ/百人一首,6/87,100,2019/3/3 8:19,2019/3/3 8:19,0
745,ダーツ,6/87,100,2019/3/3 8:19,2019/3/3 8:19,0
746,ビリヤード,6/87,100,2019/3/3 8:19,2019/3/3 8:19,0
747,麻雀,6/87,100,2019/3/3 8:19,2019/3/3 8:19,0
748,パズル/ジグソーパズル,6/87,100,2019/3/3 8:19,2019/3/3 8:19,0
749,囲碁/将棋,6/87,100,2019/3/3 8:19,2019/3/3 8:19,0
750,オセロ/チェス,6/87,100,2019/3/3 8:19,2019/3/3 8:19,0
751,人生ゲーム,6/87,100,2019/3/3 8:19,2019/3/3 8:19,0
752,野球/サッカーゲーム,6/87,100,2019/3/3 8:19,2019/3/3 8:19,0
753,スポーツ,6/87,100,2019/3/3 8:19,2019/3/3 8:19,0
754,三輪車/乗り物,6/87,100,2019/3/3 8:19,2019/3/3 8:19,0
755,ヨーヨー,6/87,100,2019/3/3 8:19,2019/3/3 8:19,0
756,模型製作用品,6/87,100,2019/3/3 8:19,2019/3/3 8:19,0
757,ファンデーション,7/88,100,2019/3/3 8:19,2019/3/3 8:19,0
758,化粧下地,7/88,100,2019/3/3 8:19,2019/3/3 8:19,0
759,コントロールカラー,7/88,100,2019/3/3 8:19,2019/3/3 8:19,0
760,BBクリーム,7/88,100,2019/3/3 8:19,2019/3/3 8:19,0
761,CCクリーム,7/88,100,2019/3/3 8:19,2019/3/3 8:19,0
762,コンシーラー,7/88,100,2019/3/3 8:19,2019/3/3 8:19,0
763,フェイスパウダー,7/88,100,2019/3/3 8:19,2019/3/3 8:19,0
764,トライアルセット/サンプル,7/88,100,2019/3/3 8:19,2019/3/3 8:19,0
765,その他,7/88,100,2019/3/3 8:19,2019/3/3 8:19,0
766,アイシャドウ,7/89,100,2019/3/3 8:19,2019/3/3 8:19,0
767,口紅,7/89,100,2019/3/3 8:19,2019/3/3 8:19,0
768,リップグロス,7/89,100,2019/3/3 8:19,2019/3/3 8:19,0
769,リップライナー,7/89,100,2019/3/3 8:19,2019/3/3 8:19,0
770,チーク,7/89,100,2019/3/3 8:19,2019/3/3 8:19,0
771,フェイスカラー,7/89,100,2019/3/3 8:19,2019/3/3 8:19,0
772,マスカラ,7/89,100,2019/3/3 8:19,2019/3/3 8:19,0
773,アイライナー,7/89,100,2019/3/3 8:19,2019/3/3 8:19,0
774,つけまつげ,7/89,100,2019/3/3 8:19,2019/3/3 8:19,0
775,アイブロウペンシル,7/89,100,2019/3/3 8:19,2019/3/3 8:19,0
776,パウダーアイブロウ,7/89,100,2019/3/3 8:19,2019/3/3 8:19,0
777,眉マスカラ,7/89,100,2019/3/3 8:19,2019/3/3 8:19,0
778,トライアルセット/サンプル,7/89,100,2019/3/3 8:19,2019/3/3 8:19,0
779,メイク道具/化粧小物,7/89,100,2019/3/3 8:19,2019/3/3 8:19,0
780,ネイルカラー,7/90,100,2019/3/3 8:19,2019/3/3 8:19,0
781,カラージェル,7/90,100,2019/3/3 8:19,2019/3/3 8:19,0
782,ネイルベースコート/トップコート,7/90,100,2019/3/3 8:19,2019/3/3 8:19,0
783,ネイルアート用品,7/90,100,2019/3/3 8:19,2019/3/3 8:19,0
784,ネイルパーツ,7/90,100,2019/3/3 8:19,2019/3/3 8:19,0
785,ネイルチップ/付け爪,7/90,100,2019/3/3 8:19,2019/3/3 8:19,0
786,手入れ用具,7/90,100,2019/3/3 8:19,2019/3/3 8:19,0
787,除光液,7/90,100,2019/3/3 8:19,2019/3/3 8:19,0
788,その他,7/90,100,2019/3/3 8:19,2019/3/3 8:19,0
789,香水(女性用),7/91,100,2019/3/3 8:19,2019/3/3 8:19,0
790,香水(男性用),7/91,100,2019/3/3 8:19,2019/3/3 8:19,0
791,ユニセックス,7/91,100,2019/3/3 8:19,2019/3/3 8:19,0
792,ボディミスト,7/91,100,2019/3/3 8:19,2019/3/3 8:19,0
793,その他,7/91,100,2019/3/3 8:19,2019/3/3 8:19,0
794,化粧水/ローション,7/92,100,2019/3/3 8:19,2019/3/3 8:19,0
795,乳液/ミルク,7/92,100,2019/3/3 8:19,2019/3/3 8:19,0
796,美容液,7/92,100,2019/3/3 8:19,2019/3/3 8:19,0
797,フェイスクリーム,7/92,100,2019/3/3 8:19,2019/3/3 8:19,0
798,洗顔料,7/92,100,2019/3/3 8:19,2019/3/3 8:19,0
799,クレンジング/メイク落とし,7/92,100,2019/3/3 8:19,2019/3/3 8:19,0
800,パック/フェイスマスク,7/92,100,2019/3/3 8:19,2019/3/3 8:19,0
801,ジェル/ゲル,7/92,100,2019/3/3 8:19,2019/3/3 8:19,0
802,ブースター/導入液,7/92,100,2019/3/3 8:19,2019/3/3 8:19,0
803,アイケア,7/92,100,2019/3/3 8:19,2019/3/3 8:19,0
804,リップケア,7/92,100,2019/3/3 8:19,2019/3/3 8:19,0
805,トライアルセット/サンプル,7/92,100,2019/3/3 8:19,2019/3/3 8:19,0
806,洗顔グッズ,7/92,100,2019/3/3 8:19,2019/3/3 8:19,0
807,その他,7/92,100,2019/3/3 8:19,2019/3/3 8:19,0
808,シャンプー,7/93,100,2019/3/3 8:19,2019/3/3 8:19,0
809,トリートメント,7/93,100,2019/3/3 8:19,2019/3/3 8:19,0
810,コンディショナー,7/93,100,2019/3/3 8:19,2019/3/3 8:19,0
811,リンス,7/93,100,2019/3/3 8:19,2019/3/3 8:19,0
812,スタイリング剤,7/93,100,2019/3/3 8:19,2019/3/3 8:19,0
813,カラーリング剤,7/93,100,2019/3/3 8:19,2019/3/3 8:19,0
814,ブラシ,7/93,100,2019/3/3 8:19,2019/3/3 8:19,0
815,その他,7/93,100,2019/3/3 8:19,2019/3/3 8:19,0
816,オイル/クリーム,7/94,100,2019/3/3 8:19,2019/3/3 8:19,0
817,ハンドクリーム,7/94,100,2019/3/3 8:19,2019/3/3 8:19,0
818,ローション,7/94,100,2019/3/3 8:19,2019/3/3 8:19,0
819,日焼け止め/サンオイル,7/94,100,2019/3/3 8:19,2019/3/3 8:19,0
820,ボディソープ,7/94,100,2019/3/3 8:19,2019/3/3 8:19,0
821,入浴剤,7/94,100,2019/3/3 8:19,2019/3/3 8:19,0
822,制汗/デオドラント,7/94,100,2019/3/3 8:19,2019/3/3 8:19,0
823,フットケア,7/94,100,2019/3/3 8:19,2019/3/3 8:19,0
824,その他,7/94,100,2019/3/3 8:19,2019/3/3 8:19,0
825,口臭防止/エチケット用品,7/95,100,2019/3/3 8:19,2019/3/3 8:19,0
826,歯ブラシ,7/95,100,2019/3/3 8:19,2019/3/3 8:19,0
827,その他,7/95,100,2019/3/3 8:19,2019/3/3 8:19,0
828,エッセンシャルオイル,7/96,100,2019/3/3 8:19,2019/3/3 8:19,0
829,芳香器,7/96,100,2019/3/3 8:19,2019/3/3 8:19,0
830,お香/香炉,7/96,100,2019/3/3 8:19,2019/3/3 8:19,0
831,キャンドル,7/96,100,2019/3/3 8:19,2019/3/3 8:19,0
832,リラクゼーショングッズ,7/96,100,2019/3/3 8:19,2019/3/3 8:19,0
833,その他,7/96,100,2019/3/3 8:19,2019/3/3 8:19,0
834,ダイエット食品,7/97,100,2019/3/3 8:19,2019/3/3 8:19,0
835,エクササイズ用品,7/97,100,2019/3/3 8:19,2019/3/3 8:19,0
836,体重計,7/97,100,2019/3/3 8:19,2019/3/3 8:19,0
837,体脂肪計,7/97,100,2019/3/3 8:19,2019/3/3 8:19,0
838,その他,7/97,100,2019/3/3 8:19,2019/3/3 8:19,0
839,健康用品,7/98,100,2019/3/3 8:19,2019/3/3 8:19,0
840,看護/介護用品,7/98,100,2019/3/3 8:19,2019/3/3 8:19,0
841,救急/衛生用品,7/98,100,2019/3/3 8:19,2019/3/3 8:19,0
842,その他,7/98,100,2019/3/3 8:19,2019/3/3 8:19,0
843,スマートフォン本体,8/99,100,2019/3/3 8:19,2019/3/3 8:19,0
844,バッテリー/充電器,8/99,100,2019/3/3 8:19,2019/3/3 8:19,0
845,携帯電話本体,8/99,100,2019/3/3 8:19,2019/3/3 8:19,0
846,PHS本体,8/99,100,2019/3/3 8:19,2019/3/3 8:19,0
847,その他,8/99,100,2019/3/3 8:19,2019/3/3 8:19,0
848,Android用ケース,8/100,100,2019/3/3 8:19,2019/3/3 8:19,0
849,iPhone用ケース,8/100,100,2019/3/3 8:19,2019/3/3 8:19,0
850,カバー,8/100,100,2019/3/3 8:19,2019/3/3 8:19,0
851,イヤホンジャック,8/100,100,2019/3/3 8:19,2019/3/3 8:19,0
852,ストラップ,8/100,100,2019/3/3 8:19,2019/3/3 8:19,0
853,フィルム,8/100,100,2019/3/3 8:19,2019/3/3 8:19,0
854,自撮り棒,8/100,100,2019/3/3 8:19,2019/3/3 8:19,0
855,その他,8/100,100,2019/3/3 8:19,2019/3/3 8:19,0
856,タブレット,8/101,100,2019/3/3 8:19,2019/3/3 8:19,0
857,ノートPC,8/101,100,2019/3/3 8:19,2019/3/3 8:19,0
858,デスクトップ型PC,8/101,100,2019/3/3 8:19,2019/3/3 8:19,0
859,ディスプレイ,8/101,100,2019/3/3 8:19,2019/3/3 8:19,0
860,電子ブックリーダー,8/101,100,2019/3/3 8:19,2019/3/3 8:19,0
861,PC周辺機器,8/101,100,2019/3/3 8:19,2019/3/3 8:19,0
862,PCパーツ,8/101,100,2019/3/3 8:19,2019/3/3 8:19,0
863,その他,8/101,100,2019/3/3 8:19,2019/3/3 8:19,0
864,デジタルカメラ,8/102,100,2019/3/3 8:19,2019/3/3 8:19,0
865,ビデオカメラ,8/102,100,2019/3/3 8:19,2019/3/3 8:19,0
866,レンズ(単焦点),8/102,100,2019/3/3 8:19,2019/3/3 8:19,0
867,レンズ(ズーム),8/102,100,2019/3/3 8:19,2019/3/3 8:19,0
868,フィルムカメラ,8/102,100,2019/3/3 8:19,2019/3/3 8:19,0
869,防犯カメラ,8/102,100,2019/3/3 8:19,2019/3/3 8:19,0
870,その他,8/102,100,2019/3/3 8:19,2019/3/3 8:19,0
871,テレビ,8/103,100,2019/3/3 8:19,2019/3/3 8:19,0
872,プロジェクター,8/103,100,2019/3/3 8:19,2019/3/3 8:19,0
873,ブルーレイレコーダー,8/103,100,2019/3/3 8:19,2019/3/3 8:19,0
874,DVDレコーダー,8/103,100,2019/3/3 8:19,2019/3/3 8:19,0
875,ブルーレイプレーヤー,8/103,100,2019/3/3 8:19,2019/3/3 8:19,0
876,DVDプレーヤー,8/103,100,2019/3/3 8:19,2019/3/3 8:19,0
877,映像用ケーブル,8/103,100,2019/3/3 8:19,2019/3/3 8:19,0
878,その他,8/103,100,2019/3/3 8:19,2019/3/3 8:19,0
879,ポータブルプレーヤー,8/104,100,2019/3/3 8:19,2019/3/3 8:19,0
880,イヤフォン,8/104,100,2019/3/3 8:19,2019/3/3 8:19,0
881,ヘッドフォン,8/104,100,2019/3/3 8:19,2019/3/3 8:19,0
882,アンプ,8/104,100,2019/3/3 8:19,2019/3/3 8:19,0
883,スピーカー,8/104,100,2019/3/3 8:19,2019/3/3 8:19,0
884,ケーブル/シールド,8/104,100,2019/3/3 8:19,2019/3/3 8:19,0
885,ラジオ,8/104,100,2019/3/3 8:19,2019/3/3 8:19,0
886,その他,8/104,100,2019/3/3 8:19,2019/3/3 8:19,0
887,ヘアドライヤー,8/105,100,2019/3/3 8:19,2019/3/3 8:19,0
888,ヘアアイロン,8/105,100,2019/3/3 8:19,2019/3/3 8:19,0
889,美容機器,8/105,100,2019/3/3 8:19,2019/3/3 8:19,0
890,電気シェーバー,8/105,100,2019/3/3 8:19,2019/3/3 8:19,0
891,電動歯ブラシ,8/105,100,2019/3/3 8:19,2019/3/3 8:19,0
892,その他,8/105,100,2019/3/3 8:19,2019/3/3 8:19,0
893,エアコン,8/106,100,2019/3/3 8:19,2019/3/3 8:19,0
894,空気清浄器,8/106,100,2019/3/3 8:19,2019/3/3 8:19,0
895,加湿器,8/106,100,2019/3/3 8:19,2019/3/3 8:19,0
896,扇風機,8/106,100,2019/3/3 8:19,2019/3/3 8:19,0
897,除湿機,8/106,100,2019/3/3 8:19,2019/3/3 8:19,0
898,ファンヒーター ,8/106,100,2019/3/3 8:19,2019/3/3 8:19,0
899,電気ヒーター,8/106,100,2019/3/3 8:19,2019/3/3 8:19,0
900,オイルヒーター,8/106,100,2019/3/3 8:19,2019/3/3 8:19,0
901,ストーブ,8/106,100,2019/3/3 8:19,2019/3/3 8:19,0
902,ホットカーペット,8/106,100,2019/3/3 8:19,2019/3/3 8:19,0
903,こたつ,8/106,100,2019/3/3 8:19,2019/3/3 8:19,0
904,電気毛布,8/106,100,2019/3/3 8:19,2019/3/3 8:19,0
905,その他,8/106,100,2019/3/3 8:19,2019/3/3 8:19,0
906,冷蔵庫,8/107,100,2019/3/3 8:19,2019/3/3 8:19,0
907,洗濯機,8/107,100,2019/3/3 8:19,2019/3/3 8:19,0
908,炊飯器,8/107,100,2019/3/3 8:19,2019/3/3 8:19,0
909,電子レンジ/オーブン,8/107,100,2019/3/3 8:19,2019/3/3 8:19,0
910,調理機器,8/107,100,2019/3/3 8:19,2019/3/3 8:19,0
911,アイロン,8/107,100,2019/3/3 8:19,2019/3/3 8:19,0
912,掃除機,8/107,100,2019/3/3 8:19,2019/3/3 8:19,0
913,エスプレッソマシン,8/107,100,2019/3/3 8:19,2019/3/3 8:19,0
914,コーヒーメーカー,8/107,100,2019/3/3 8:19,2019/3/3 8:19,0
915,衣類乾燥機,8/107,100,2019/3/3 8:19,2019/3/3 8:19,0
916,その他,8/107,100,2019/3/3 8:19,2019/3/3 8:19,0
917,その他,8/108,100,2019/3/3 8:19,2019/3/3 8:19,0
918,クラブ,9/109,100,2019/3/3 8:19,2019/3/3 8:19,0
919,ウエア(男性用),9/109,100,2019/3/3 8:19,2019/3/3 8:19,0
920,ウエア(女性用),9/109,100,2019/3/3 8:19,2019/3/3 8:19,0
921,バッグ ,9/109,100,2019/3/3 8:19,2019/3/3 8:19,0
922,シューズ(男性用),9/109,100,2019/3/3 8:19,2019/3/3 8:19,0
923,シューズ(女性用),9/109,100,2019/3/3 8:19,2019/3/3 8:19,0
924,アクセサリー,9/109,100,2019/3/3 8:19,2019/3/3 8:19,0
925,その他,9/109,100,2019/3/3 8:19,2019/3/3 8:19,0
926,ロッド,9/110,100,2019/3/3 8:19,2019/3/3 8:19,0
927,リール,9/110,100,2019/3/3 8:19,2019/3/3 8:19,0
928,ルアー用品,9/110,100,2019/3/3 8:19,2019/3/3 8:19,0
929,ウエア,9/110,100,2019/3/3 8:19,2019/3/3 8:19,0
930,釣り糸/ライン,9/110,100,2019/3/3 8:19,2019/3/3 8:19,0
931,その他,9/110,100,2019/3/3 8:19,2019/3/3 8:19,0
932,自転車本体,9/111,100,2019/3/3 8:19,2019/3/3 8:19,0
933,ウエア,9/111,100,2019/3/3 8:19,2019/3/3 8:19,0
934,パーツ,9/111,100,2019/3/3 8:19,2019/3/3 8:19,0
935,アクセサリー,9/111,100,2019/3/3 8:19,2019/3/3 8:19,0
936,バッグ,9/111,100,2019/3/3 8:19,2019/3/3 8:19,0
937,工具/メンテナンス,9/111,100,2019/3/3 8:19,2019/3/3 8:19,0
938,その他,9/111,100,2019/3/3 8:19,2019/3/3 8:19,0
939,ランニング,9/112,100,2019/3/3 8:19,2019/3/3 8:19,0
940,ウォーキング,9/112,100,2019/3/3 8:19,2019/3/3 8:19,0
941,ヨガ,9/112,100,2019/3/3 8:19,2019/3/3 8:19,0
942,トレーニング用品,9/112,100,2019/3/3 8:19,2019/3/3 8:19,0
943,その他,9/112,100,2019/3/3 8:19,2019/3/3 8:19,0
944,ウェア,9/113,100,2019/3/3 8:19,2019/3/3 8:19,0
945,シューズ,9/113,100,2019/3/3 8:19,2019/3/3 8:19,0
946,グローブ,9/113,100,2019/3/3 8:19,2019/3/3 8:19,0
947,バット,9/113,100,2019/3/3 8:19,2019/3/3 8:19,0
948,アクセサリー,9/113,100,2019/3/3 8:19,2019/3/3 8:19,0
949,防具,9/113,100,2019/3/3 8:19,2019/3/3 8:19,0
950,練習機器,9/113,100,2019/3/3 8:19,2019/3/3 8:19,0
951,記念グッズ,9/113,100,2019/3/3 8:19,2019/3/3 8:19,0
952,応援グッズ,9/113,100,2019/3/3 8:19,2019/3/3 8:19,0
953,その他,9/113,100,2019/3/3 8:19,2019/3/3 8:19,0
954,ウェア,9/114,100,2019/3/3 8:19,2019/3/3 8:19,0
955,シューズ,9/114,100,2019/3/3 8:19,2019/3/3 8:19,0
956,ボール,9/114,100,2019/3/3 8:19,2019/3/3 8:19,0
957,アクセサリー,9/114,100,2019/3/3 8:19,2019/3/3 8:19,0
958,記念グッズ,9/114,100,2019/3/3 8:19,2019/3/3 8:19,0
959,応援グッズ,9/114,100,2019/3/3 8:19,2019/3/3 8:19,0
960,その他,9/114,100,2019/3/3 8:19,2019/3/3 8:19,0
961,ラケット(硬式用),9/115,100,2019/3/3 8:19,2019/3/3 8:19,0
962,ラケット(軟式用),9/115,100,2019/3/3 8:19,2019/3/3 8:19,0
963,ウェア,9/115,100,2019/3/3 8:19,2019/3/3 8:19,0
964,シューズ,9/115,100,2019/3/3 8:19,2019/3/3 8:19,0
965,ボール,9/115,100,2019/3/3 8:19,2019/3/3 8:19,0
966,アクセサリー,9/115,100,2019/3/3 8:19,2019/3/3 8:19,0
967,記念グッズ,9/115,100,2019/3/3 8:19,2019/3/3 8:19,0
968,応援グッズ,9/115,100,2019/3/3 8:19,2019/3/3 8:19,0
969,その他,9/115,100,2019/3/3 8:19,2019/3/3 8:19,0
970,ボード,9/116,100,2019/3/3 8:19,2019/3/3 8:19,0
971,バインディング,9/116,100,2019/3/3 8:19,2019/3/3 8:19,0
972,ブーツ(男性用),9/116,100,2019/3/3 8:19,2019/3/3 8:19,0
973,ブーツ(女性用),9/116,100,2019/3/3 8:19,2019/3/3 8:19,0
974,ブーツ(子ども用),9/116,100,2019/3/3 8:19,2019/3/3 8:19,0
975,ウエア/装備(男性用),9/116,100,2019/3/3 8:19,2019/3/3 8:19,0
976,ウエア/装備(女性用),9/116,100,2019/3/3 8:19,2019/3/3 8:19,0
977,ウエア/装備(子ども用),9/116,100,2019/3/3 8:19,2019/3/3 8:19,0
978,アクセサリー,9/116,100,2019/3/3 8:19,2019/3/3 8:19,0
979,バッグ,9/116,100,2019/3/3 8:19,2019/3/3 8:19,0
980,その他,9/116,100,2019/3/3 8:19,2019/3/3 8:19,0
981,板,9/117,100,2019/3/3 8:19,2019/3/3 8:19,0
982,ブーツ(男性用),9/117,100,2019/3/3 8:19,2019/3/3 8:19,0
983,ブーツ(女性用),9/117,100,2019/3/3 8:19,2019/3/3 8:19,0
984,ブーツ(子ども用),9/117,100,2019/3/3 8:19,2019/3/3 8:19,0
985,ビンディング,9/117,100,2019/3/3 8:19,2019/3/3 8:19,0
986,ウエア(男性用),9/117,100,2019/3/3 8:19,2019/3/3 8:19,0
987,ウエア(女性用),9/117,100,2019/3/3 8:19,2019/3/3 8:19,0
988,ウエア(子ども用),9/117,100,2019/3/3 8:19,2019/3/3 8:19,0
989,ストック,9/117,100,2019/3/3 8:19,2019/3/3 8:19,0
990,その他,9/117,100,2019/3/3 8:19,2019/3/3 8:19,0
991,ダンス/バレエ,9/118,100,2019/3/3 8:19,2019/3/3 8:19,0
992,サーフィン,9/118,100,2019/3/3 8:19,2019/3/3 8:19,0
993,バスケットボール,9/118,100,2019/3/3 8:19,2019/3/3 8:19,0
994,バドミントン,9/118,100,2019/3/3 8:19,2019/3/3 8:19,0
995,バレーボール,9/118,100,2019/3/3 8:19,2019/3/3 8:19,0
996,スケートボード,9/118,100,2019/3/3 8:19,2019/3/3 8:19,0
997,陸上競技,9/118,100,2019/3/3 8:19,2019/3/3 8:19,0
998,ラグビー,9/118,100,2019/3/3 8:19,2019/3/3 8:19,0
999,アメリカンフットボール,9/118,100,2019/3/3 8:19,2019/3/3 8:19,0
1000,ボクシング,9/118,100,2019/3/3 8:19,2019/3/3 8:19,0
1001,ボウリング,9/118,100,2019/3/3 8:19,2019/3/3 8:19,0
1002,その他,9/118,100,2019/3/3 8:19,2019/3/3 8:19,0
1003,テント/タープ,9/119,100,2019/3/3 8:19,2019/3/3 8:19,0
1004,ライト/ランタン,9/119,100,2019/3/3 8:19,2019/3/3 8:19,0
1005,寝袋/寝具,9/119,100,2019/3/3 8:19,2019/3/3 8:19,0
1006,テーブル/チェア,9/119,100,2019/3/3 8:19,2019/3/3 8:19,0
1007,ストーブ/コンロ,9/119,100,2019/3/3 8:19,2019/3/3 8:19,0
1008,調理器具,9/119,100,2019/3/3 8:19,2019/3/3 8:19,0
1009,食器,9/119,100,2019/3/3 8:19,2019/3/3 8:19,0
1010,登山用品,9/119,100,2019/3/3 8:19,2019/3/3 8:19,0
1011,その他,9/119,100,2019/3/3 8:19,2019/3/3 8:19,0
1012,旅行用品,9/120,100,2019/3/3 8:19,2019/3/3 8:19,0
1013,その他,9/120,100,2019/3/3 8:19,2019/3/3 8:19,0
1014,ピアス,10/121,100,2019/3/3 8:19,2019/3/3 8:19,0
1015,イヤリング,10/121,100,2019/3/3 8:19,2019/3/3 8:19,0
1016,ネックレス,10/121,100,2019/3/3 8:19,2019/3/3 8:19,0
1017,ブレスレット,10/121,100,2019/3/3 8:19,2019/3/3 8:19,0
1018,リング,10/121,100,2019/3/3 8:19,2019/3/3 8:19,0
1019,チャーム,10/121,100,2019/3/3 8:19,2019/3/3 8:19,0
1020,ヘアゴム,10/121,100,2019/3/3 8:19,2019/3/3 8:19,0
1021,アンクレット,10/121,100,2019/3/3 8:19,2019/3/3 8:19,0
1022,その他,10/121,100,2019/3/3 8:19,2019/3/3 8:19,0
1023,バッグ(女性用),10/122,100,2019/3/3 8:19,2019/3/3 8:19,0
1024,バッグ(男性用),10/122,100,2019/3/3 8:19,2019/3/3 8:19,0
1025,財布(女性用),10/122,100,2019/3/3 8:19,2019/3/3 8:19,0
1026,財布(男性用),10/122,100,2019/3/3 8:19,2019/3/3 8:19,0
1027,ファッション雑貨,10/122,100,2019/3/3 8:19,2019/3/3 8:19,0
1028,その他,10/122,100,2019/3/3 8:19,2019/3/3 8:19,0
1029,アクセサリー(男性用),10/123,100,2019/3/3 8:19,2019/3/3 8:19,0
1030,時計(女性用),10/123,100,2019/3/3 8:19,2019/3/3 8:19,0
1031,時計(男性用),10/123,100,2019/3/3 8:19,2019/3/3 8:19,0
1032,その他,10/123,100,2019/3/3 8:19,2019/3/3 8:19,0
1033,キッチン用品,10/124,100,2019/3/3 8:19,2019/3/3 8:19,0
1034,家具,10/124,100,2019/3/3 8:19,2019/3/3 8:19,0
1035,文房具,10/124,100,2019/3/3 8:19,2019/3/3 8:19,0
1036,アート/写真,10/124,100,2019/3/3 8:19,2019/3/3 8:19,0
1037,アロマ/キャンドル,10/124,100,2019/3/3 8:19,2019/3/3 8:19,0
1038,フラワー/ガーデン,10/124,100,2019/3/3 8:19,2019/3/3 8:19,0
1039,その他,10/124,100,2019/3/3 8:19,2019/3/3 8:19,0
1040,クラフト/布製品,10/125,100,2019/3/3 8:19,2019/3/3 8:19,0
1041,おもちゃ/人形,10/125,100,2019/3/3 8:19,2019/3/3 8:19,0
1042,その他,10/125,100,2019/3/3 8:19,2019/3/3 8:19,0
1043,ファッション雑貨,10/126,100,2019/3/3 8:19,2019/3/3 8:19,0
1044,スタイ/よだれかけ,10/126,100,2019/3/3 8:19,2019/3/3 8:19,0
1045,外出用品,10/126,100,2019/3/3 8:19,2019/3/3 8:19,0
1046,ネームタグ,10/126,100,2019/3/3 8:19,2019/3/3 8:19,0
1047,その他,10/126,100,2019/3/3 8:19,2019/3/3 8:19,0
1048,各種パーツ,10/127,100,2019/3/3 8:19,2019/3/3 8:19,0
1049,生地/糸,10/127,100,2019/3/3 8:19,2019/3/3 8:19,0
1050,型紙/パターン,10/127,100,2019/3/3 8:19,2019/3/3 8:19,0
1051,その他,10/127,100,2019/3/3 8:19,2019/3/3 8:19,0
1052,Ingress,10/128,100,2019/3/3 8:19,2019/3/3 8:19,0
1053,クリエイターズ宇宙兄弟,10/128,100,2019/3/3 8:19,2019/3/3 8:19,0
1054,男性アイドル,11/130,100,2019/3/3 8:19,2019/3/3 8:19,0
1055,女性アイドル,11/130,100,2019/3/3 8:19,2019/3/3 8:19,0
1056,韓流,11/130,100,2019/3/3 8:19,2019/3/3 8:19,0
1057,国内アーティスト,11/130,100,2019/3/3 8:19,2019/3/3 8:19,0
1058,海外アーティスト,11/130,100,2019/3/3 8:19,2019/3/3 8:19,0
1059,音楽フェス,11/130,100,2019/3/3 8:19,2019/3/3 8:19,0
1060,声優/アニメ,11/130,100,2019/3/3 8:19,2019/3/3 8:19,0
1061,その他,11/130,100,2019/3/3 8:19,2019/3/3 8:19,0
1062,サッカー,11/131,100,2019/3/3 8:19,2019/3/3 8:19,0
1063,野球,11/131,100,2019/3/3 8:19,2019/3/3 8:19,0
1064,テニス,11/131,100,2019/3/3 8:19,2019/3/3 8:19,0
1065,格闘技/プロレス,11/131,100,2019/3/3 8:19,2019/3/3 8:19,0
1066,相撲/武道,11/131,100,2019/3/3 8:19,2019/3/3 8:19,0
1067,ゴルフ,11/131,100,2019/3/3 8:19,2019/3/3 8:19,0
1068,バレーボール,11/131,100,2019/3/3 8:19,2019/3/3 8:19,0
1069,バスケットボール,11/131,100,2019/3/3 8:19,2019/3/3 8:19,0
1070,モータースポーツ,11/131,100,2019/3/3 8:19,2019/3/3 8:19,0
1071,ウィンタースポーツ,11/131,100,2019/3/3 8:19,2019/3/3 8:19,0
1072,その他,11/131,100,2019/3/3 8:19,2019/3/3 8:19,0
1073,ミュージカル,11/132,100,2019/3/3 8:19,2019/3/3 8:19,0
1074,演劇,11/132,100,2019/3/3 8:19,2019/3/3 8:19,0
1075,伝統芸能,11/132,100,2019/3/3 8:19,2019/3/3 8:19,0
1076,落語,11/132,100,2019/3/3 8:19,2019/3/3 8:19,0
1077,お笑い,11/132,100,2019/3/3 8:19,2019/3/3 8:19,0
1078,オペラ,11/132,100,2019/3/3 8:19,2019/3/3 8:19,0
1079,サーカス,11/132,100,2019/3/3 8:19,2019/3/3 8:19,0
1080,バレエ,11/132,100,2019/3/3 8:19,2019/3/3 8:19,0
1081,その他,11/132,100,2019/3/3 8:19,2019/3/3 8:19,0
1082,声優/アニメ,11/133,100,2019/3/3 8:19,2019/3/3 8:19,0
1083,キッズ/ファミリー,11/133,100,2019/3/3 8:19,2019/3/3 8:19,0
1084,トークショー/講演会,11/133,100,2019/3/3 8:19,2019/3/3 8:19,0
1085,その他,11/133,100,2019/3/3 8:19,2019/3/3 8:19,0
1086,邦画,11/134,100,2019/3/3 8:19,2019/3/3 8:19,0
1087,洋画,11/134,100,2019/3/3 8:19,2019/3/3 8:19,0
1088,その他,11/134,100,2019/3/3 8:19,2019/3/3 8:19,0
1089,遊園地/テーマパーク,11/135,100,2019/3/3 8:19,2019/3/3 8:19,0
1090,美術館/博物館,11/135,100,2019/3/3 8:19,2019/3/3 8:19,0
1091,スキー場,11/135,100,2019/3/3 8:19,2019/3/3 8:19,0
1092,ゴルフ場,11/135,100,2019/3/3 8:19,2019/3/3 8:19,0
1093,フィットネスクラブ,11/135,100,2019/3/3 8:19,2019/3/3 8:19,0
1094,プール,11/135,100,2019/3/3 8:19,2019/3/3 8:19,0
1095,ボウリング場,11/135,100,2019/3/3 8:19,2019/3/3 8:19,0
1096,水族館,11/135,100,2019/3/3 8:19,2019/3/3 8:19,0
1097,動物園,11/135,100,2019/3/3 8:19,2019/3/3 8:19,0
1098,その他,11/135,100,2019/3/3 8:19,2019/3/3 8:19,0
1099,ショッピング,11/136,100,2019/3/3 8:19,2019/3/3 8:19,0
1100,レストラン/食事券,11/136,100,2019/3/3 8:19,2019/3/3 8:19,0
1101,フード/ドリンク券,11/136,100,2019/3/3 8:19,2019/3/3 8:19,0
1102,宿泊券,11/136,100,2019/3/3 8:19,2019/3/3 8:19,0
1103,その他,11/136,100,2019/3/3 8:19,2019/3/3 8:19,0
1104,国内自動車本体,12/138,100,2019/3/3 8:19,2019/3/3 8:19,0
1105,外国自動車本体,12/138,100,2019/3/3 8:19,2019/3/3 8:19,0
1106,タイヤ/ホイールセット,12/139,100,2019/3/3 8:19,2019/3/3 8:19,0
1107,タイヤ,12/139,100,2019/3/3 8:19,2019/3/3 8:19,0
1108,ホイール,12/139,100,2019/3/3 8:19,2019/3/3 8:19,0
1109,その他,12/139,100,2019/3/3 8:19,2019/3/3 8:19,0
1110,サスペンション,12/140,100,2019/3/3 8:19,2019/3/3 8:19,0
1111,ブレーキ,12/140,100,2019/3/3 8:19,2019/3/3 8:19,0
1112,外装、エアロパーツ,12/140,100,2019/3/3 8:19,2019/3/3 8:19,0
1113,ライト,12/140,100,2019/3/3 8:19,2019/3/3 8:19,0
1114,内装品、シート,12/140,100,2019/3/3 8:19,2019/3/3 8:19,0
1115,ステアリング,12/140,100,2019/3/3 8:19,2019/3/3 8:19,0
1116,マフラー・排気系,12/140,100,2019/3/3 8:19,2019/3/3 8:19,0
1117,エンジン、過給器、冷却装置,12/140,100,2019/3/3 8:19,2019/3/3 8:19,0
1118,クラッチ、ミッション、駆動系,12/140,100,2019/3/3 8:19,2019/3/3 8:19,0
1119,電装品,12/140,100,2019/3/3 8:19,2019/3/3 8:19,0
1120,補強パーツ,12/140,100,2019/3/3 8:19,2019/3/3 8:19,0
1121,汎用パーツ,12/140,100,2019/3/3 8:19,2019/3/3 8:19,0
1122,外国自動車用パーツ,12/140,100,2019/3/3 8:19,2019/3/3 8:19,0
1123,その他,12/140,100,2019/3/3 8:19,2019/3/3 8:19,0
1124,車内アクセサリー,12/141,100,2019/3/3 8:19,2019/3/3 8:19,0
1125,カーナビ,12/141,100,2019/3/3 8:19,2019/3/3 8:19,0
1126,カーオーディオ,12/141,100,2019/3/3 8:19,2019/3/3 8:19,0
1127,車外アクセサリー,12/141,100,2019/3/3 8:19,2019/3/3 8:19,0
1128,メンテナンス用品,12/141,100,2019/3/3 8:19,2019/3/3 8:19,0
1129,チャイルドシート,12/141,100,2019/3/3 8:19,2019/3/3 8:19,0
1130,ドライブレコーダー,12/141,100,2019/3/3 8:19,2019/3/3 8:19,0
1131,レーダー探知機,12/141,100,2019/3/3 8:19,2019/3/3 8:19,0
1132,カタログ/マニュアル,12/141,100,2019/3/3 8:19,2019/3/3 8:19,0
1133,セキュリティ,12/141,100,2019/3/3 8:19,2019/3/3 8:19,0
1134,ETC,12/141,100,2019/3/3 8:19,2019/3/3 8:19,0
1135,その他,12/141,100,2019/3/3 8:19,2019/3/3 8:19,0
1136,タイヤ,12/143,100,2019/3/3 8:19,2019/3/3 8:19,0
1137,マフラー,12/143,100,2019/3/3 8:19,2019/3/3 8:19,0
1138,エンジン、冷却装置,12/143,100,2019/3/3 8:19,2019/3/3 8:19,0
1139,カウル、フェンダー、外装,12/143,100,2019/3/3 8:19,2019/3/3 8:19,0
1140,サスペンション,12/143,100,2019/3/3 8:19,2019/3/3 8:19,0
1141,ホイール,12/143,100,2019/3/3 8:19,2019/3/3 8:19,0
1142,シート,12/143,100,2019/3/3 8:19,2019/3/3 8:19,0
1143,ブレーキ,12/143,100,2019/3/3 8:19,2019/3/3 8:19,0
1144,タンク,12/143,100,2019/3/3 8:19,2019/3/3 8:19,0
1145,ライト、ウィンカー,12/143,100,2019/3/3 8:19,2019/3/3 8:19,0
1146,チェーン、スプロケット、駆動系,12/143,100,2019/3/3 8:19,2019/3/3 8:19,0
1147,メーター,12/143,100,2019/3/3 8:19,2019/3/3 8:19,0
1148,電装系,12/143,100,2019/3/3 8:19,2019/3/3 8:19,0
1149,ミラー,12/143,100,2019/3/3 8:19,2019/3/3 8:19,0
1150,ヘルメット/シールド,12/144,100,2019/3/3 8:19,2019/3/3 8:19,0
1151,バイクウエア/装備,12/144,100,2019/3/3 8:19,2019/3/3 8:19,0
1152,アクセサリー,12/144,100,2019/3/3 8:19,2019/3/3 8:19,0
1153,メンテナンス,12/144,100,2019/3/3 8:19,2019/3/3 8:19,0
1154,カタログ/マニュアル,12/144,100,2019/3/3 8:19,2019/3/3 8:19,0
1155,その他,12/144,100,2019/3/3 8:19,2019/3/3 8:19,0
1156,ペットフード,13/146,100,2019/3/3 8:19,2019/3/3 8:19,0
1157,犬用品,13/146,100,2019/3/3 8:19,2019/3/3 8:19,0
1158,猫用品,13/146,100,2019/3/3 8:19,2019/3/3 8:19,0
1159,魚用品/水草,13/146,100,2019/3/3 8:19,2019/3/3 8:19,0
1160,小動物用品,13/146,100,2019/3/3 8:19,2019/3/3 8:19,0
1161,爬虫類/両生類用品,13/146,100,2019/3/3 8:19,2019/3/3 8:19,0
1162,かご/おり,13/146,100,2019/3/3 8:19,2019/3/3 8:19,0
1163,鳥用品,13/146,100,2019/3/3 8:19,2019/3/3 8:19,0
1164,虫類用品,13/146,100,2019/3/3 8:19,2019/3/3 8:19,0
1165,その他,13/146,100,2019/3/3 8:19,2019/3/3 8:19,0
1166,菓子,13/147,100,2019/3/3 8:19,2019/3/3 8:19,0
1167,米,13/147,100,2019/3/3 8:19,2019/3/3 8:19,0
1168,野菜,13/147,100,2019/3/3 8:19,2019/3/3 8:19,0
1169,果物,13/147,100,2019/3/3 8:19,2019/3/3 8:19,0
1170,調味料,13/147,100,2019/3/3 8:19,2019/3/3 8:19,0
1171,魚介類(加工食品),13/147,100,2019/3/3 8:19,2019/3/3 8:19,0
1172,肉類(加工食品),13/147,100,2019/3/3 8:19,2019/3/3 8:19,0
1173,その他 加工食品,13/147,100,2019/3/3 8:19,2019/3/3 8:19,0
1174,その他,13/147,100,2019/3/3 8:19,2019/3/3 8:19,0
1175,コーヒー,13/148,100,2019/3/3 8:19,2019/3/3 8:19,0
1176,ソフトドリンク,13/148,100,2019/3/3 8:19,2019/3/3 8:19,0
1177,ミネラルウォーター,13/148,100,2019/3/3 8:19,2019/3/3 8:19,0
1178,茶,13/148,100,2019/3/3 8:19,2019/3/3 8:19,0
1179,ウイスキー,13/148,100,2019/3/3 8:19,2019/3/3 8:19,0
1180,ワイン,13/148,100,2019/3/3 8:19,2019/3/3 8:19,0
1181,ブランデー,13/148,100,2019/3/3 8:19,2019/3/3 8:19,0
1182,焼酎,13/148,100,2019/3/3 8:19,2019/3/3 8:19,0
1183,日本酒,13/148,100,2019/3/3 8:19,2019/3/3 8:19,0
1184,ビール、発泡酒,13/148,100,2019/3/3 8:19,2019/3/3 8:19,0
1185,その他,13/148,100,2019/3/3 8:19,2019/3/3 8:19,0
1186,タオル/バス用品,13/149,100,2019/3/3 8:19,2019/3/3 8:19,0
1187,日用品/生活雑貨,13/149,100,2019/3/3 8:19,2019/3/3 8:19,0
1188,洗剤/柔軟剤,13/149,100,2019/3/3 8:19,2019/3/3 8:19,0
1189,旅行用品,13/149,100,2019/3/3 8:19,2019/3/3 8:19,0
1190,防災関連グッズ,13/149,100,2019/3/3 8:19,2019/3/3 8:19,0
1191,その他,13/149,100,2019/3/3 8:19,2019/3/3 8:19,0
1192,雑貨,13/150,100,2019/3/3 8:19,2019/3/3 8:19,0
1193,工芸品,13/150,100,2019/3/3 8:19,2019/3/3 8:19,0
1194,家具,13/150,100,2019/3/3 8:19,2019/3/3 8:19,0
1195,印刷物,13/150,100,2019/3/3 8:19,2019/3/3 8:19,0
1196,その他,13/150,100,2019/3/3 8:19,2019/3/3 8:19,0
1197,筆記具,13/151,100,2019/3/3 8:19,2019/3/3 8:19,0
1198,ノート/メモ帳,13/151,100,2019/3/3 8:19,2019/3/3 8:19,0
1199,テープ/マスキングテープ,13/151,100,2019/3/3 8:19,2019/3/3 8:19,0
1200,カレンダー/スケジュール,13/151,100,2019/3/3 8:19,2019/3/3 8:19,0
1201,アルバム/スクラップ,13/151,100,2019/3/3 8:19,2019/3/3 8:19,0
1202,ファイル/バインダー,13/151,100,2019/3/3 8:19,2019/3/3 8:19,0
1203,はさみ/カッター,13/151,100,2019/3/3 8:19,2019/3/3 8:19,0
1204,カードホルダー/名刺管理,13/151,100,2019/3/3 8:19,2019/3/3 8:19,0
1205,のり/ホッチキス,13/151,100,2019/3/3 8:19,2019/3/3 8:19,0
1206,その他,13/151,100,2019/3/3 8:19,2019/3/3 8:19,0
1207,オフィス用品一般,13/152,100,2019/3/3 8:19,2019/3/3 8:19,0
1208,オフィス家具,13/152,100,2019/3/3 8:19,2019/3/3 8:19,0
1209,店舗用品,13/152,100,2019/3/3 8:19,2019/3/3 8:19,0
1210,OA機器,13/152,100,2019/3/3 8:19,2019/3/3 8:19,0
1211,ラッピング/包装,13/152,100,2019/3/3 8:19,2019/3/3 8:19,0
1212,その他,13/152,100,2019/3/3 8:19,2019/3/3 8:19,0
