1,洋服のサイズ,2019-03-10 00:00:00,2019-03-10 00:00:00
2,メンズ靴のサイズ,2019-03-10 00:00:00,2019-03-10 00:00:00
3,レディース靴のサイズ,2019-03-10 00:00:00,2019-03-10 00:00:00
4,スカートのサイズ,2019-03-10 00:00:00,2019-03-10 00:00:00
5,キッズ服のサイズ,2019-03-10 00:00:00,2019-03-10 00:00:00
6,ベビー・キッズ靴のサイズ,2019-03-10 00:00:00,2019-03-10 00:00:00
7,ベビー服のサイズ,2019-03-10 00:00:00,2019-03-10 00:00:00
8,テレビのサイズ,2019-03-10 00:00:00,2019-03-10 00:00:00,,,
9,カメラレンズのサイズ,2019-03-10 00:00:00,2019-03-10 00:00:00
10,オートバイのサイズ,2019-03-10 00:00:00,2019-03-10 00:00:00
11,ヘルメットのサイズ,2019-03-10 00:00:00,2019-03-10 00:00:00
12,タイヤのサイズ,2019-03-10 00:00:00,2019-03-10 00:00:00
13,スキーのサイズ,2019-03-10 00:00:00,2019-03-10 00:00:00
14,スノーボードのサイズ,2019-03-10 00:00:00,2019-03-10 00:00:00