1,XXS以下,1,2019-03-10,2019-03-10
2,XS(SS),1,2019-03-10,2019-03-10
3,S,1,2019-03-10,2019-03-10
4,M,1,2019-03-10,2019-03-10
5,L,1,2019-03-10,2019-03-10
6,XL(LL）,1,2019-03-10,2019-03-10
7,2XL(3L),1,2019-03-10,2019-03-10
8,3XL(4L),1,2019-03-10,2019-03-10
9,4XL(5L),1,2019-03-10,2019-03-10
10,FREE SIZE,1,2019-03-10,2019-03-10
11,23.5cm以下,2,2019-03-10,2019-03-10
12,24cm,2,2019-03-10,2019-03-10
13,24.5cm,2,2019-03-10,2019-03-10
14,25cm,2,2019-03-10,2019-03-10
15,25.5cm,2,2019-03-10,2019-03-10
16,26cm,2,2019-03-10,2019-03-10
17,26.5cm,2,2019-03-10,2019-03-10
18,27cm,2,2019-03-10,2019-03-10
19,27.5cm,2,2019-03-10,2019-03-10
20,28cm,2,2019-03-10,2019-03-10
21,28.5cm,2,2019-03-10,2019-03-10
22,29cm,2,2019-03-10,2019-03-10
23,29.5cm,2,2019-03-10,2019-03-10
24,30cm,2,2019-03-10,2019-03-10
25,30.5cm,2,2019-03-10,2019-03-10
26,31cm以上,2,2019-03-10,2019-03-10
27,20cm以下,3,2019-03-10,2019-03-10
28,20.5cm,3,2019-03-10,2019-03-10
29,21cm,3,2019-03-10,2019-03-10
30,21.5cm,3,2019-03-10,2019-03-10
31,22cm,3,2019-03-10,2019-03-10
32,22.5cm,3,2019-03-10,2019-03-10
33,23cm,3,2019-03-10,2019-03-10
34,23.5cm,3,2019-03-10,2019-03-10
35,24cm,3,2019-03-10,2019-03-10
36,24.5cm,3,2019-03-10,2019-03-10
37,25cm,3,2019-03-10,2019-03-10
38,25.5cm,3,2019-03-10,2019-03-10
39,26cm,3,2019-03-10,2019-03-10
40,26.5cm,3,2019-03-10,2019-03-10
41,27cm,3,2019-03-10,2019-03-10
42,27.5cm以上,3,2019-03-10,2019-03-10
43,60cm以下,4,2019-03-10,2019-03-10
44,~70cm,4,2019-03-10,2019-03-10
45,~80cm,4,2019-03-10,2019-03-10
46,~90cm以上,4,2019-03-10,2019-03-10
47,100cm,5,2019-03-10,2019-03-10
48,110cm,5,2019-03-10,2019-03-10
49,120cm,5,2019-03-10,2019-03-10
50,130cm,5,2019-03-10,2019-03-10
51,140cm,5,2019-03-10,2019-03-10
52,150cm,5,2019-03-10,2019-03-10
53,160cm,5,2019-03-10,2019-03-10
54,10.5cm以下,6,2019-03-10,2019-03-10
55,11cm,6,2019-03-10,2019-03-10
56,11.5cm,6,2019-03-10,2019-03-10
57,12cm,6,2019-03-10,2019-03-10
58,12.5cm,6,2019-03-10,2019-03-10
59,13cm,6,2019-03-10,2019-03-10
60,13.5cm,6,2019-03-10,2019-03-10
61,14cm,6,2019-03-10,2019-03-10
62,14.5cm,6,2019-03-10,2019-03-10
63,15cm,6,2019-03-10,2019-03-10
64,15.5cm,6,2019-03-10,2019-03-10
65,16cm,6,2019-03-10,2019-03-10
66,16.5cm,6,2019-03-10,2019-03-10
67,17cm以上,6,2019-03-10,2019-03-10
68,60cm,7,2019-03-10,2019-03-10
69,70cm,7,2019-03-10,2019-03-10
70,80cm,7,2019-03-10,2019-03-10
71,90cm,7,2019-03-10,2019-03-10
72,95cm,7,2019-03-10,2019-03-10
73,~20インチ,8,2019-03-10,2019-03-10
74,20~26インチ,8,2019-03-10,2019-03-10
75,26~32インチ,8,2019-03-10,2019-03-10
76,32~37インチ,8,2019-03-10,2019-03-10
77,37~40インチ,8,2019-03-10,2019-03-10
78,40~42インチ,8,2019-03-10,2019-03-10
79,42~46インチ,8,2019-03-10,2019-03-10
80,46~52インチ,8,2019-03-10,2019-03-10
81,52~60インチ,8,2019-03-10,2019-03-10
82,60インチ~,8,2019-03-10,2019-03-10
83,ニコンFマウント,9,2019-03-10,2019-03-10
84,キヤノンEFマウント,9,2019-03-10,2019-03-10
85,ペンタックスKマウント,9,2019-03-10,2019-03-10
86,ペンタックスQマウント,9,2019-03-10,2019-03-10
87,フォーサーズマウント,9,2019-03-10,2019-03-10
88,マイクロフォーサーズマウント,9,2019-03-10,2019-03-10
89,αAマウント,9,2019-03-10,2019-03-10
90,αEマウント,9,2019-03-10,2019-03-10
91,ニコン1マウント,9,2019-03-10,2019-03-10
92,キヤノンEF-Mマウント,9,2019-03-10,2019-03-10
93,Xマウント,9,2019-03-10,2019-03-10
94,シグマSAマウント,9,2019-03-10,2019-03-10
95,50cc以下,10,2019-03-10,2019-03-10
96,51cc-125cc,10,2019-03-10,2019-03-10
97,126cc-250cc,10,2019-03-10,2019-03-10
98,251cc-400cc,10,2019-03-10,2019-03-10
99,401cc-750cc,10,2019-03-10,2019-03-10
100,751cc以上,10,2019-03-10,2019-03-10
101,XSサイズ以下,11,2019-03-10,2019-03-10
102,Sサイズ,11,2019-03-10,2019-03-10
103,Mサイズ,11,2019-03-10,2019-03-10
104,Lサイズ,11,2019-03-10,2019-03-10
105,XLサイズ,11,2019-03-10,2019-03-10
106,XXLサイズ以上,11,2019-03-10,2019-03-10
107,子ども用,11,2019-03-10,2019-03-10
108,12インチ,12,2019-03-10,2019-03-10
109,13インチ,12,2019-03-10,2019-03-10
110,14インチ,12,2019-03-10,2019-03-10
111,15インチ,12,2019-03-10,2019-03-10
112,16インチ,12,2019-03-10,2019-03-10
113,17インチ,12,2019-03-10,2019-03-10
114,18インチ,12,2019-03-10,2019-03-10
115,19インチ,12,2019-03-10,2019-03-10
116,20インチ,12,2019-03-10,2019-03-10
117,21インチ,12,2019-03-10,2019-03-10
118,22インチ,12,2019-03-10,2019-03-10
119,23インチ,12,2019-03-10,2019-03-10
120,24インチ,12,2019-03-10,2019-03-10
121,140cm~,13,2019-03-10,2019-03-10
122,150cm~,13,2019-03-10,2019-03-10
123,160cm~,13,2019-03-10,2019-03-10
124,170cm~,13,2019-03-10,2019-03-10
125,スキーボード,13,2019-03-10,2019-03-10
126,子ども用,13,2019-03-10,2019-03-10
127,その他,13,2019-03-10,2019-03-10
128,135cm-140cm未満,14,2019-03-10,2019-03-10
129,140cm-145cm未満,14,2019-03-10,2019-03-10
130,145cm-150cm未満,14,2019-03-10,2019-03-10
131,150cm-155cm未満,14,2019-03-10,2019-03-10
132,155cm-160cm未満,14,2019-03-10,2019-03-10
133,160cm-165cm未満,14,2019-03-10,2019-03-10
134,165cm-170cm未満,14,2019-03-10,2019-03-10